date,open,high,low,close,volume,dividend,split
2010-12-07,4.68,4.68,4.61,4.65,32,0,1
2010-12-08,4.60,4.67,4.57,4.61,36,0,1
2010-12-09,4.58,4.64,4.57,4.61,21,0,1
2010-12-10,4.61,4.63,4.48,4.62,72,0,1
2010-12-13,4.59,4.63,4.57,4.63,21,0,1
2010-12-14,4.61,4.63,4.58,4.63,13,0,1
2010-12-15,4.64,4.64,4.59,4.63,25,0,1
2010-12-16,4.63,4.63,4.61,4.61,8,0,1
2010-12-17,4.49,4.63,4.48,4.63,22,0,1
2010-12-20,4.63,4.65,4.56,4.64,115,0,1
2010-12-21,4.63,4.63,4.56,4.61,25,0,1
2010-12-22,4.68,4.68,4.57,4.63,11,0,1
2010-12-23,4.63,4.63,4.58,4.61,44,0,1
2010-12-27,4.66,4.72,4.56,4.59,63,0,1
2010-12-28,4.59,4.63,4.52,4.52,26,0,1
2010-12-29,4.46,4.63,4.46,4.59,40,0,1
2010-12-30,4.62,4.64,4.57,4.64,46,0,1
2011-01-03,4.64,4.64,4.54,4.55,25,0,1
2011-01-04,4.55,4.59,4.49,4.59,35,0,1
2011-01-05,4.56,4.59,4.53,4.59,23,0,1
2011-01-06,4.53,4.57,4.53,4.56,3,0,1
2011-01-07,4.58,4.59,4.40,4.57,46,0,1
2011-01-10,4.46,4.48,4.33,4.35,149,0,1
2011-01-11,4.35,4.35,4.13,4.18,212,0,1
2011-01-12,4.24,4.24,4.05,4.06,131,0,1
2011-01-13,4.07,4.18,4.02,4.18,42,0,1
2011-01-14,4.22,4.22,4.05,4.17,64,0,1
2011-01-17,4.13,4.18,4.06,4.09,32,0,1
2011-01-18,4.16,4.16,4.09,4.11,34,0,1
2011-01-19,4.22,4.22,3.92,4.05,304,0,1
2011-01-20,4.07,4.25,4.06,4.18,29,0,1
2011-01-21,4.18,4.18,4.11,4.18,16,0,1
2011-01-24,4.08,4.22,4.07,4.20,34,0,1
2011-01-26,4.20,4.20,4.11,4.15,45,0,1
2011-01-27,4.18,4.24,4.07,4.11,86,0,1
2011-01-28,4.18,4.22,4.05,4.14,26,0,1
2011-01-31,4.13,4.18,4.02,4.11,53,0,1
2011-02-01,4.16,4.16,4.06,4.11,9,0,1
2011-02-02,4.08,4.11,4.08,4.08,16,0,1
2011-02-03,4.08,4.08,3.93,4.01,44,0,1
2011-02-04,4.07,4.08,3.92,4.07,47,0,1
2011-02-07,4.05,4.07,3.92,4.07,26,0,1
2011-02-08,3.98,4.06,3.98,4.05,18,0,1
2011-02-09,4.03,4.04,3.98,3.98,10,0,1
2011-02-10,3.96,4.01,3.92,3.99,24,0,1
2011-02-11,4.02,4.05,3.96,4.05,63,0,1
2011-02-14,4.03,4.05,3.98,4.02,13,0,1
2011-02-15,3.98,3.98,3.96,3.97,14,0,1
2011-02-16,3.94,3.94,3.87,3.87,79,0,1
2011-02-17,3.92,4.03,3.74,3.74,127,0,1
2011-02-18,3.76,3.76,3.67,3.67,91,0,1
2011-02-21,3.70,3.76,3.54,3.60,56,0,1
2011-02-22,3.63,3.67,3.48,3.52,92,0,1
2011-02-23,3.63,3.63,3.36,3.43,464,0,1
2011-02-24,3.45,3.45,3.29,3.35,2214,0,1
2011-02-25,3.28,3.46,3.28,3.43,76,0,1
2011-02-28,3.42,3.43,3.30,3.43,34,0,1
2011-03-01,3.37,3.41,3.32,3.36,157,0,1
2011-03-02,3.41,3.41,3.30,3.33,182,0,1
2011-03-03,3.40,3.41,3.33,3.37,56,0,1
2011-03-04,3.41,3.54,3.39,3.53,136,0,1
2011-03-09,3.50,3.61,3.46,3.59,70,0,1
2011-03-10,3.57,3.62,3.46,3.53,112,0,1
2011-03-11,3.46,3.55,3.44,3.46,53,0,1
2011-03-14,3.53,3.53,3.46,3.51,19,0,1
2011-03-15,3.53,3.53,3.43,3.50,19,0,1
2011-03-16,3.50,3.57,3.42,3.47,47,0,1
2011-03-17,3.52,3.52,3.45,3.50,36,0,1
2011-03-18,3.45,3.57,3.44,3.52,62,0,1
2011-03-21,3.56,3.56,3.51,3.52,125,0,1
2011-03-22,3.53,3.57,3.50,3.52,22,0,1
2011-03-23,3.56,3.56,3.36,3.36,303,0,1
2011-03-24,3.40,3.41,3.33,3.33,67,0,1
2011-03-25,3.42,3.48,3.35,3.35,490,0,1
2011-03-28,3.37,3.38,3.35,3.35,48,0,1
2011-03-29,3.37,3.48,3.33,3.37,120,0,1
2011-03-30,3.39,3.39,3.35,3.37,45,0,1
2011-03-31,3.37,3.39,3.31,3.35,19,0,1
2011-04-01,3.38,3.56,3.38,3.52,96,0,1
2011-04-04,3.59,3.75,3.53,3.63,208,0,1
2011-04-05,3.70,3.75,3.68,3.70,122,0,1
2011-04-06,3.74,3.75,3.67,3.70,37,0,1
2011-04-07,3.70,3.70,3.60,3.70,87,0,1
2011-04-08,3.70,3.83,3.63,3.70,74,0,1
2011-04-11,3.74,3.79,3.74,3.74,10,0,1
2011-04-12,3.70,3.72,3.67,3.72,8,0,1
2011-04-13,3.68,3.72,3.63,3.70,45,0,1
2011-04-14,3.74,3.80,3.61,3.67,49,0,1
2011-04-15,3.63,3.65,3.52,3.60,118,0,1
2011-04-18,3.59,3.70,3.44,3.50,244,0,1
2011-04-19,3.56,3.63,3.38,3.38,115,0,1
2011-04-20,3.48,3.50,3.39,3.41,76,0,1
2011-04-25,3.44,3.47,3.41,3.41,202,0,1
2011-04-26,3.42,3.43,3.39,3.39,162,0,1
2011-04-27,3.43,3.44,3.35,3.36,146,0,1
2011-04-28,3.38,3.38,3.34,3.37,41,0,1
2011-04-29,3.38,3.40,3.24,3.27,387,0,1
2011-05-02,3.34,3.40,3.24,3.32,81,0,1
2011-05-03,3.38,3.43,3.26,3.27,148,0,1
2011-05-04,3.31,3.34,3.20,3.20,558,0,1
2011-05-05,3.23,3.34,3.20,3.25,42,0,1
2011-05-06,3.30,3.43,3.27,3.28,316,0,1
2011-05-09,3.32,3.43,3.32,3.34,20,0,1
2011-05-10,3.42,3.45,3.35,3.40,200,0,1
2011-05-11,3.42,3.63,3.42,3.56,104,0,1
2011-05-12,3.34,3.66,3.34,3.65,250,0,1
2011-05-13,3.63,3.63,3.49,3.59,128,0,1
2011-05-16,3.60,3.74,3.59,3.63,200,0,1
2011-05-17,3.60,3.72,3.57,3.65,80,0,1
2011-05-18,3.70,3.70,3.47,3.47,131,0,1
2011-05-19,3.54,3.66,3.40,3.49,196,0,1
2011-05-20,3.56,3.62,3.52,3.59,19,0,1
2011-05-23,3.49,3.54,3.45,3.50,26,0,1
2011-05-24,3.51,3.55,3.47,3.55,46,0,1
2011-05-25,3.45,3.46,3.30,3.30,501,0,1
2011-05-26,3.30,3.40,3.21,3.37,183,0,1
2011-05-27,3.38,3.41,3.34,3.41,52,0,1
2011-05-30,3.41,3.41,3.32,3.37,75,0,1
2011-05-31,3.41,3.41,3.27,3.28,240,0,1
2011-06-01,3.29,3.32,3.22,3.22,97,0,1
2011-06-02,3.25,3.25,3.18,3.18,163,0,1
2011-06-03,3.20,3.31,3.20,3.27,67,0,1
2011-06-06,3.27,3.31,3.17,3.19,180,0,1
2011-06-07,3.20,3.21,3.10,3.12,173,0,1
2011-06-08,3.14,3.14,2.99,2.99,279,0,1
2011-06-09,3.01,3.05,2.95,3.04,167,0,1
2011-06-10,3.01,3.04,2.92,2.95,279,0,1
2011-06-13,2.93,2.97,2.92,2.92,28,0,1
2011-06-14,2.96,3.07,2.95,3.06,112,0,1
2011-06-15,3.05,3.22,3.05,3.15,351,0,1
2011-06-16,3.20,3.20,3.07,3.13,212,0,1
2011-06-17,3.13,3.20,3.05,3.19,156,0,1
2011-06-20,3.18,3.24,3.17,3.21,299,0,1
2011-06-21,3.21,3.24,3.15,3.20,95,0,1
2011-06-22,3.22,3.27,3.20,3.23,47,0,1
2011-06-24,3.23,3.23,3.15,3.22,62,0,1
2011-06-27,3.22,3.23,3.09,3.14,88,0,1
2011-06-28,3.14,3.32,3.14,3.26,8,0,1
2011-06-29,3.26,3.27,3.21,3.27,144,0,1
2011-06-30,3.22,3.39,3.22,3.27,118,0,1
2011-07-01,3.27,3.34,3.27,3.34,14,0,1
2011-07-04,3.34,3.51,3.29,3.42,36,0,1
2011-07-05,3.41,3.49,3.31,3.44,154,0,1
2011-07-06,3.31,3.40,3.31,3.32,36,0,1
2011-07-07,3.43,3.49,3.34,3.43,16,0,1
2011-07-08,3.47,3.49,3.28,3.39,48,0,1
2011-07-11,3.39,3.40,3.28,3.33,31,0,1
2011-07-12,3.33,3.33,3.23,3.24,61,0,1
2011-07-13,3.24,3.42,3.24,3.34,34,0,1
2011-07-14,3.42,3.49,3.27,3.31,51,0,1
2011-07-15,3.31,3.41,3.31,3.34,24,0,1
2011-07-18,3.34,3.34,3.25,3.27,33,0,1
2011-07-19,3.34,3.34,3.23,3.30,117,0,1
2011-07-20,3.29,3.29,3.27,3.28,17,0,1
2011-07-21,3.28,3.48,3.27,3.42,71,0,1
2011-07-22,3.42,3.42,3.36,3.36,6,0,1
2011-07-25,3.36,3.54,3.36,3.44,44,0,1
2011-07-26,3.44,3.50,3.31,3.49,45,0,1
2011-07-27,3.53,3.54,3.37,3.39,35,0,1
2011-07-28,3.39,3.42,3.36,3.40,37,0,1
2011-07-29,3.36,3.43,3.36,3.43,38,0,1
2011-08-01,3.38,3.45,3.34,3.44,109,0,1
2011-08-02,3.44,3.47,3.35,3.45,13,0,1
2011-08-03,3.34,3.34,3.27,3.34,50,0,1
2011-08-04,3.34,3.34,3.10,3.20,80,0,1
2011-08-05,3.20,3.20,3.06,3.20,43,0,1
2011-08-08,3.07,3.08,2.95,2.97,94,0,1
2011-08-09,2.97,3.13,2.96,3.11,65,0,1
2011-08-10,3.09,3.17,2.99,3.15,48,0,1
2011-08-11,3.12,3.18,3.02,3.18,55,0,1
2011-08-12,3.19,3.37,3.19,3.23,54,0,1
2011-08-15,3.27,3.32,3.21,3.29,178,0,1
2011-08-16,3.17,3.29,3.17,3.29,86,0,1
2011-08-17,3.29,3.29,3.24,3.29,11,0,1
2011-08-18,3.20,3.26,3.17,3.20,32,0,1
2011-08-19,3.14,3.30,3.13,3.30,26,0,1
2011-08-22,3.24,3.29,3.19,3.27,62,0,1
2011-08-23,3.21,3.30,3.20,3.24,6,0,1
2011-08-24,3.24,3.26,3.16,3.26,36,0,1
2011-08-25,3.17,3.27,3.17,3.22,41,0,1
2011-08-26,3.22,3.27,3.13,3.20,46,0,1
2011-08-29,3.28,3.30,3.20,3.29,28,0,1
2011-08-30,3.29,3.29,3.22,3.27,40,0,1
2011-08-31,3.30,3.31,3.27,3.30,36,0,1
2011-09-01,3.31,3.36,3.24,3.27,110,0,1
2011-09-02,3.30,3.31,3.10,3.29,95,0,1
2011-09-05,3.20,3.29,3.08,3.20,56,0,1
2011-09-06,3.10,3.26,3.10,3.22,61,0,1
2011-09-08,3.25,3.34,3.13,3.29,62,0,1
2011-09-09,3.29,3.37,3.17,3.27,38,0,1
2011-09-12,3.23,3.25,3.11,3.22,59,0,1
2011-09-13,3.16,3.16,3.02,3.09,161,0,1
2011-09-14,3.10,3.19,3.10,3.18,42,0,1
2011-09-15,3.23,3.26,3.17,3.22,23,0,1
2011-09-16,3.27,3.32,3.15,3.28,32,0,1
2011-09-19,3.20,3.26,3.12,3.25,64,0,1
2011-09-20,3.29,3.29,3.15,3.26,58,0,1
2011-09-21,3.29,3.29,3.18,3.20,58,0,1
2011-09-22,3.13,3.13,3.03,3.10,69,0,1
2011-09-23,3.06,3.20,3.04,3.20,20,0,1
2011-09-26,3.20,3.23,3.11,3.23,45,0,1
2011-09-27,3.14,3.23,3.11,3.13,73,0,1
2011-09-28,3.13,3.15,3.02,3.12,95,0,1
2011-09-29,3.15,3.34,2.97,2.97,108,0,1
2011-09-30,2.97,3.02,2.83,2.83,50,0,1
2011-10-03,2.85,2.88,2.78,2.85,58,0,1
2011-10-04,2.81,2.85,2.70,2.85,78,0,1
2011-10-05,2.97,2.97,2.85,2.85,12,0,1
2011-10-06,2.85,2.95,2.83,2.90,54,0,1
2011-10-07,2.91,2.91,2.81,2.85,23,0,1
2011-10-10,2.85,2.99,2.85,2.96,21,0,1
2011-10-11,2.97,3.13,2.90,2.95,43,0,1
2011-10-13,3.10,3.10,2.88,3.03,55,0,1
2011-10-14,3.03,3.12,2.99,3.05,30,0,1
2011-10-17,3.10,3.12,2.99,3.12,157,0,1
2011-10-18,3.12,3.16,3.05,3.05,86,0,1
2011-10-19,3.12,3.15,3.01,3.15,67,0,1
2011-10-20,3.17,3.20,3.07,3.17,58,0,1
2011-10-21,3.17,3.17,3.09,3.15,73,0,1
2011-10-24,3.15,3.17,3.15,3.17,7,0,1
2011-10-25,3.12,3.17,3.10,3.17,33,0,1
2011-10-26,3.17,3.17,3.12,3.15,31,0,1
2011-10-27,3.16,3.16,3.12,3.13,27,0,1
2011-10-28,3.10,3.24,3.10,3.24,66,0,1
2011-10-31,3.23,3.30,3.20,3.27,45,0,1
2011-11-01,3.26,3.26,3.17,3.24,32,0,1
2011-11-03,3.24,3.30,3.20,3.27,85,0,1
2011-11-04,3.27,3.27,3.25,3.25,3,0,1
2011-11-07,3.27,3.27,3.22,3.27,33,0,1
2011-11-08,3.24,3.27,3.22,3.27,22,0,1
2011-11-09,3.27,3.27,3.21,3.24,5,0,1
2011-11-10,3.19,3.26,3.06,3.17,59,0,1
2011-11-11,3.15,3.24,3.15,3.24,38,0,1
2011-11-14,3.22,3.34,3.20,3.34,145,0,1
2011-11-16,3.32,3.37,3.28,3.30,169,0,1
2011-11-17,3.30,3.41,3.22,3.32,46,0,1
2011-11-18,3.37,3.40,3.25,3.29,64,0,1
2011-11-21,3.38,3.40,3.29,3.34,126,0,1
2011-11-22,3.30,3.32,3.29,3.32,17,0,1
2011-11-23,3.31,3.42,3.09,3.17,149,0,1
2011-11-24,3.17,3.36,3.13,3.27,47,0,1
2011-11-25,3.21,3.27,3.21,3.27,12,0,1
2011-11-28,3.34,3.34,3.17,3.23,44,0,1
2011-11-29,3.23,3.25,3.22,3.24,33,0,1
2011-11-30,3.26,3.36,3.19,3.36,87,0,1
2011-12-01,3.38,3.56,3.38,3.44,39,0,1
2011-12-02,3.44,3.44,3.32,3.44,56,0,1
2011-12-05,3.39,3.49,3.31,3.47,79,0,1
2011-12-06,3.44,3.44,3.41,3.41,3,0,1
2011-12-07,3.42,3.42,3.34,3.39,77,0,1
2011-12-08,3.40,3.42,3.34,3.34,9,0,1
2011-12-09,3.34,3.37,3.31,3.36,7,0,1
2011-12-12,3.37,3.37,3.27,3.32,49,0,1
2011-12-13,3.32,3.32,3.24,3.31,55,0,1
2011-12-14,3.32,3.33,3.24,3.32,55,0,1
2011-12-15,3.52,3.52,3.30,3.30,267,0,1
2011-12-16,3.30,3.44,3.29,3.38,17,0,1
2011-12-19,3.43,3.44,3.36,3.39,16,0,1
2011-12-20,3.43,3.46,3.32,3.39,53,0,1
2011-12-21,3.30,3.35,3.30,3.31,50,0,1
2011-12-22,3.32,3.35,3.28,3.31,65,0,1
2011-12-23,3.29,3.32,3.21,3.24,148,0,1
2011-12-26,3.32,3.32,3.21,3.29,10,0,1
2011-12-27,3.36,3.44,3.24,3.24,28,0,1
2011-12-28,3.43,3.47,3.15,3.23,112,0,1
2011-12-29,3.32,3.46,3.10,3.40,243,0,1
2012-01-02,3.43,3.43,3.30,3.33,17,0,1
2012-01-03,3.33,3.33,3.19,3.32,52,0,1
2012-01-04,3.32,3.32,3.26,3.30,18,0,1
2012-01-05,3.30,3.30,3.23,3.26,11,0,1
2012-01-06,3.26,3.28,3.23,3.27,216,0,1
2012-01-09,3.28,3.28,3.27,3.28,2,0,1
2012-01-10,3.28,3.28,3.25,3.25,17,0,1
2012-01-11,3.25,3.31,3.22,3.28,57,0,1
2012-01-12,3.22,3.26,2.93,3.03,580,0,1
2012-01-13,3.02,3.10,3.02,3.07,32,0,1
2012-01-16,3.06,3.14,3.01,3.09,54,0,1
2012-01-17,3.10,3.18,3.05,3.18,20,0,1
2012-01-18,3.18,3.21,3.12,3.15,22,0,1
2012-01-19,3.18,3.24,3.15,3.19,6,0,1
2012-01-20,3.21,3.21,3.14,3.20,25,0,1
2012-01-23,3.20,3.32,3.11,3.17,57,0,1
2012-01-24,3.17,3.21,3.15,3.21,26,0,1
2012-01-26,3.21,3.25,3.15,3.25,41,0,1
2012-01-27,3.23,3.25,3.15,3.25,45,0,1
2012-01-30,3.25,3.25,3.18,3.22,17,0,1
2012-01-31,3.24,3.29,3.19,3.24,41,0,1
2012-02-01,3.24,3.26,3.19,3.25,61,0,1
2012-02-02,3.24,3.24,3.21,3.24,26,0,1
2012-02-03,3.20,3.23,3.08,3.21,98,0,1
2012-02-06,3.21,3.21,3.18,3.21,14,0,1
2012-02-07,3.21,3.22,3.15,3.22,41,0,1
2012-02-08,3.22,3.22,3.15,3.19,40,0,1
2012-02-09,3.17,3.18,3.09,3.18,92,0,1
2012-02-10,3.14,3.14,3.08,3.08,42,0,1
2012-02-13,3.08,3.13,3.05,3.08,90,0,1
2012-02-14,3.06,3.14,3.02,3.14,65,0,1
2012-02-15,3.11,3.14,3.09,3.14,8,0,1
2012-02-16,3.12,3.15,3.11,3.15,37,0,1
2012-02-17,3.15,3.15,3.11,3.15,61,0,1
2012-02-22,3.15,3.15,3.11,3.15,16,0,1
2012-02-23,3.15,3.15,3.12,3.13,53,0,1
2012-02-24,3.13,3.13,3.09,3.13,29,0,1
2012-02-27,3.09,3.10,3.07,3.07,13,0,1
2012-02-28,3.09,3.12,3.09,3.11,18,0,1
2012-02-29,3.11,3.11,3.06,3.10,28,0,1
2012-03-01,3.09,3.11,3.07,3.10,16,0,1
2012-03-02,3.09,3.11,3.08,3.11,26,0,1
2012-03-05,3.11,3.11,3.08,3.09,9,0,1
2012-03-06,3.06,3.09,3.06,3.07,10,0,1
2012-03-07,3.07,3.11,3.05,3.09,37,0,1
2012-03-08,3.07,3.12,3.06,3.12,14,0,1
2012-03-09,3.16,3.44,3.16,3.39,284,0,1
2012-03-12,3.38,3.39,3.24,3.28,85,0,1
2012-03-13,3.26,3.29,3.22,3.29,60,0,1
2012-03-14,3.26,3.29,3.25,3.27,20,0,1
2012-03-15,3.27,3.29,3.27,3.29,6,0,1
2012-03-16,3.27,3.39,3.27,3.35,37,0,1
2012-03-19,3.35,3.39,3.32,3.32,14,0,1
2012-03-20,3.29,3.31,3.25,3.25,11,0,1
2012-03-21,3.26,3.32,3.26,3.30,2,0,1
2012-03-22,3.26,3.29,3.18,3.24,15,0,1
2012-03-23,3.24,3.29,3.22,3.29,292,0,1
2012-03-26,3.29,3.38,3.23,3.23,69,0,1
2012-03-27,3.26,3.26,3.26,3.26,27,0,1
2012-03-28,3.26,3.26,3.18,3.26,4,0,1
2012-03-29,3.26,3.28,3.23,3.27,6,0,1
2012-03-30,3.25,3.29,3.21,3.27,51,0,1
2012-04-02,3.29,3.29,3.19,3.23,47,0,1
2012-04-03,3.26,3.26,3.19,3.23,51,0,1
2012-04-04,3.23,3.24,3.18,3.21,86,0,1
2012-04-05,3.23,3.40,3.21,3.32,253,0,1
2012-04-09,3.26,3.26,3.21,3.26,50,0,1
2012-04-10,3.26,3.26,3.21,3.25,49,0,1
2012-04-11,3.23,3.25,3.21,3.25,43,0,1
2012-04-12,3.23,3.23,3.18,3.21,97,0,1
2012-04-13,3.21,3.22,3.18,3.21,55,0,1
2012-04-16,3.22,3.22,3.18,3.18,68,0,1
2012-04-17,3.21,3.21,3.15,3.18,12,0,1
2012-04-18,3.18,3.21,3.11,3.15,89,0,1
2012-04-19,3.15,3.15,3.06,3.06,79,0,1
2012-04-20,3.13,3.14,3.07,3.13,20,0,1
2012-04-23,3.13,3.14,3.09,3.13,18,0,1
2012-04-24,3.13,3.17,3.12,3.17,28,0,1
2012-04-25,3.17,3.21,3.15,3.21,73,0,1
2012-04-26,3.18,3.21,3.12,3.15,96,0,1
2012-04-27,3.13,3.13,3.09,3.09,166,0,1
2012-04-30,3.06,3.09,3.06,3.09,26,0,1
2012-05-02,3.07,3.07,3.04,3.04,57,0,1
2012-05-03,3.07,3.09,3.02,3.04,34,0,1
2012-05-04,3.03,3.04,3.01,3.01,58,0,1
2012-05-07,3.01,3.03,2.90,2.90,141,0,1
2012-05-08,2.92,2.92,2.75,2.75,227,0,1
2012-05-09,2.75,2.84,2.62,2.62,241,0,1
2012-05-10,2.67,2.77,2.44,2.58,885,0,1
2012-05-11,2.62,2.66,2.58,2.62,5368,0,1
2012-05-14,2.77,2.84,2.70,2.80,1052,0,1
2012-05-15,2.83,2.90,2.73,2.79,441,0,1
2012-05-16,2.82,3.01,2.73,2.77,311,0,1
2012-05-17,2.81,2.87,2.74,2.74,50,0,1
2012-05-18,2.75,2.78,2.71,2.73,64,0,1
2012-05-21,2.79,2.79,2.75,2.75,425,0,1
2012-05-22,2.78,2.84,2.73,2.77,703,0,1
2012-05-23,2.76,2.77,2.66,2.71,44,0,1
2012-05-24,2.75,2.75,2.68,2.72,72,0,1
2012-05-25,2.76,2.76,2.69,2.70,268,0,1
2012-05-28,2.70,2.77,2.67,2.70,165,0,1
2012-05-29,2.69,2.75,2.59,2.68,133,0,1
2012-05-30,2.62,2.73,2.58,2.72,97,0,1
2012-05-31,2.74,2.76,2.64,2.66,64,0,1
2012-06-01,2.64,2.73,2.64,2.70,97,0,1
2012-06-04,2.72,2.73,2.64,2.64,20,0,1
2012-06-05,2.64,2.68,2.52,2.55,194,0,1
2012-06-06,2.58,2.67,2.53,2.66,70,0,1
2012-06-08,2.63,2.81,2.63,2.78,444,0,1
2012-06-11,2.81,2.88,2.73,2.78,91,0,1
2012-06-12,2.78,2.84,2.78,2.78,554,0,1
2012-06-13,2.80,2.84,2.78,2.80,612,0,1
2012-06-14,2.78,2.83,2.77,2.80,21,0,1
2012-06-15,2.80,2.84,2.79,2.84,51,0,1
2012-06-18,2.81,2.81,2.76,2.77,300,0,1
2012-06-19,2.77,2.80,2.76,2.77,349,0,1
2012-06-20,2.75,2.80,2.73,2.79,216,0,1
2012-06-21,2.82,2.83,2.77,2.79,34,0,1
2012-06-22,2.83,2.84,2.77,2.77,24,0,1
2012-06-25,2.73,2.78,2.66,2.66,31,0,1
2012-06-26,2.70,2.76,2.67,2.76,628,0,1
2012-06-27,2.79,2.90,2.74,2.81,44,0,1
2012-06-28,2.84,2.90,2.78,2.89,58,0,1
2012-06-29,2.89,3.09,2.87,2.95,391,0,1
2012-07-02,2.95,3.10,2.95,2.98,36,0,1
2012-07-03,3.01,3.04,2.98,3.02,12,0,1
2012-07-04,3.02,3.05,2.99,2.99,139,0,1
2012-07-05,3.03,3.03,2.98,3.02,385,0,1
2012-07-06,3.02,3.03,2.98,3.01,7,0,1
2012-07-10,3.03,3.03,2.96,2.98,52,0,1
2012-07-11,2.99,3.03,2.98,3.03,164,0,1
2012-07-12,3.00,3.03,2.95,3.01,26,0,1
2012-07-13,3.03,3.06,2.95,2.95,280,0,1
2012-07-16,2.95,2.98,2.91,2.95,10,0,1
2012-07-17,2.95,3.01,2.92,2.95,166,0,1
2012-07-18,2.92,2.94,2.88,2.88,72,0,1
2012-07-19,2.88,3.00,2.88,2.88,278,0,1
2012-07-20,2.87,2.92,2.84,2.85,49,0,1
2012-07-23,2.83,2.94,2.78,2.78,95,0,1
2012-07-24,2.81,2.81,2.79,2.81,18,0,1
2012-07-25,2.81,2.89,2.81,2.86,52,0,1
2012-07-26,2.90,2.93,2.85,2.86,17,0,1
2012-07-27,2.88,2.95,2.81,2.88,568,0,1
2012-07-30,2.89,3.01,2.89,2.95,38,0,1
2012-07-31,2.94,2.94,2.92,2.94,36,0,1
2012-08-01,2.92,2.94,2.91,2.91,48,0,1
2012-08-02,2.90,2.95,2.88,2.92,26,0,1
2012-08-03,2.95,3.00,2.92,2.99,93,0,1
2012-08-06,2.95,3.03,2.95,3.00,57,0,1
2012-08-07,3.03,3.03,3.01,3.01,2,0,1
2012-08-08,3.02,3.09,3.02,3.04,212,0,1
2012-08-09,3.04,3.06,3.01,3.02,31,0,1
2012-08-10,3.06,3.21,2.95,2.95,535,0,1
2012-08-13,2.95,2.95,2.85,2.88,180,0,1
2012-08-14,2.91,2.94,2.89,2.90,158,0,1
2012-08-15,2.90,2.90,2.87,2.89,220,0,1
2012-08-16,2.88,2.94,2.86,2.92,44,0,1
2012-08-17,2.90,2.95,2.90,2.91,10,0,1
2012-08-20,2.95,2.95,2.93,2.93,22,0,1
2012-08-21,2.95,3.04,2.93,2.93,184,0,1
2012-08-22,2.93,3.03,2.92,3.03,493,0,1
2012-08-23,3.03,3.03,2.95,3.03,65,0,1
2012-08-24,3.00,3.08,2.95,3.08,169,0,1
2012-08-27,3.10,3.15,3.04,3.04,28,0,1
2012-08-28,3.04,3.08,3.03,3.06,87,0,1
2012-08-29,3.07,3.09,3.05,3.09,117,0,1
2012-08-30,3.09,3.14,3.09,3.14,196,0,1
2012-08-31,3.15,3.15,3.04,3.10,94,0,1
2012-09-03,3.06,3.12,3.05,3.06,21,0,1
2012-09-04,3.09,3.12,3.08,3.09,5,0,1
2012-09-05,3.10,3.14,3.10,3.14,13,0,1
2012-09-06,3.15,3.17,3.10,3.14,39,0,1
2012-09-10,3.15,3.15,3.12,3.12,113,0,1
2012-09-11,3.12,3.19,3.12,3.18,46,0,1
2012-09-12,3.18,3.18,3.13,3.15,121,0,1
2012-09-13,3.16,3.23,3.12,3.23,155,0,1
2012-09-14,3.26,3.27,3.25,3.27,191,0,1
2012-09-17,3.23,3.25,3.21,3.24,78,0,1
2012-09-18,3.25,3.26,3.22,3.26,20,0,1
2012-09-19,3.23,3.28,3.23,3.25,379,0,1
2012-09-20,3.23,3.25,3.21,3.23,33,0,1
2012-09-21,3.21,3.26,3.21,3.25,25,0,1
2012-09-24,3.27,3.27,3.18,3.21,30,0,1
2012-09-25,3.18,3.21,3.09,3.09,84,0,1
2012-09-26,3.12,3.12,2.92,3.00,68,0,1
2012-09-27,3.03,3.10,2.98,3.06,35,0,1
2012-09-28,3.04,3.04,2.93,2.98,39,0,1
2012-10-01,2.95,3.13,2.95,3.06,76,0,1
2012-10-02,3.07,3.13,3.04,3.06,69,0,1
2012-10-03,3.10,3.10,3.03,3.09,28,0,1
2012-10-04,3.06,3.20,3.04,3.17,25,0,1
2012-10-05,3.19,3.23,3.13,3.20,16,0,1
2012-10-08,3.20,3.29,3.19,3.26,39,0,1
2012-10-09,3.26,3.32,3.21,3.25,46,0,1
2012-10-10,3.22,3.25,3.18,3.18,28,0,1
2012-10-11,3.18,3.23,3.18,3.21,62,0,1
2012-10-15,3.18,3.25,3.18,3.24,26,0,1
2012-10-16,3.17,3.25,3.17,3.25,35,0,1
2012-10-17,3.23,3.25,3.19,3.25,41,0,1
2012-10-18,3.23,3.25,3.17,3.25,72,0,1
2012-10-19,3.24,3.25,3.20,3.22,194,0,1
2012-10-22,3.26,3.26,3.19,3.20,20,0,1
2012-10-23,3.18,3.18,3.06,3.12,84,0,1
2012-10-24,3.14,3.14,3.10,3.10,14,0,1
2012-10-25,3.12,3.14,3.12,3.14,146,0,1
2012-10-26,3.17,3.17,3.12,3.12,72,0,1
2012-10-29,3.10,3.15,3.09,3.10,4,0,1
2012-10-30,3.10,3.10,3.09,3.09,6,0,1
2012-10-31,3.09,3.13,2.99,3.12,69,0,1
2012-11-01,3.09,3.20,3.09,3.20,187,0,1
2012-11-05,3.20,3.24,3.20,3.21,16,0,1
2012-11-06,3.23,3.25,3.22,3.24,20,0,1
2012-11-07,3.24,3.27,3.22,3.25,335,0,1
2012-11-08,3.25,3.29,3.18,3.21,71,0,1
2012-11-09,3.21,3.22,3.15,3.21,25,0,1
2012-11-12,3.18,3.21,3.13,3.15,20,0,1
2012-11-13,3.18,3.18,3.12,3.14,18,0,1
2012-11-14,3.10,3.14,2.99,2.99,162,0,1
2012-11-16,2.98,3.04,2.97,2.97,10,0,1
2012-11-19,2.98,3.09,2.95,3.09,36,0,1
2012-11-21,3.06,3.12,3.04,3.06,8,0,1
2012-11-22,3.07,3.07,3.06,3.06,1,0,1
2012-11-23,3.06,3.10,3.04,3.10,2,0,1
2012-11-26,3.10,3.10,3.03,3.04,30,0,1
2012-11-27,3.05,3.09,3.01,3.04,43,0,1
2012-11-28,3.01,3.07,2.99,3.03,28,0,1
2012-11-29,3.06,3.09,3.04,3.09,8,0,1
2012-11-30,3.10,3.14,3.04,3.09,48,0,1
2012-12-03,3.04,3.13,3.04,3.12,18,0,1
2012-12-04,3.14,3.18,3.11,3.11,42,0,1
2012-12-05,3.09,3.15,3.09,3.15,12,0,1
2012-12-06,3.15,3.18,3.15,3.17,10,0,1
2012-12-07,3.17,3.18,3.12,3.18,25,0,1
2012-12-10,3.18,3.18,3.14,3.18,27,0,1
2012-12-11,3.17,3.19,3.15,3.19,95,0,1
2012-12-12,3.18,3.18,3.17,3.18,24,0,1
2012-12-13,3.17,3.29,3.16,3.25,166,0,1
2012-12-14,3.25,3.25,3.21,3.23,45,0,1
2012-12-17,3.21,3.21,3.13,3.18,57,0,1
2012-12-18,3.15,3.19,3.15,3.19,46,0,1
2012-12-19,3.20,3.20,3.15,3.18,52,0,1
2012-12-20,3.18,3.18,3.15,3.18,31,0,1
2012-12-21,3.21,3.23,3.09,3.21,169,0,1
2012-12-26,3.18,3.22,3.15,3.19,41,0,1
2012-12-27,3.21,3.22,3.15,3.15,7,0,1
2012-12-28,3.18,3.22,3.14,3.22,69,0,1
2013-01-02,3.22,3.30,3.18,3.18,63,0,1
2013-01-03,3.18,3.27,3.11,3.27,217,0,1
2013-01-04,3.23,3.27,3.14,3.20,348,0,1
2013-01-07,3.19,3.29,3.15,3.28,41,0,1
2013-01-08,3.27,3.31,3.25,3.30,48,0,1
2013-01-09,3.26,3.30,3.26,3.30,48,0,1
2013-01-10,3.30,3.37,3.30,3.37,178,0,1
2013-01-11,3.37,3.48,3.35,3.37,57,0,1
2013-01-14,3.41,3.46,3.37,3.44,79,0,1
2013-01-15,3.42,3.50,3.42,3.47,42,0,1
2013-01-16,3.48,3.49,3.38,3.38,38,0,1
2013-01-17,3.42,3.44,3.41,3.43,18,0,1
2013-01-18,3.45,3.48,3.39,3.39,50,0,1
2013-01-21,3.39,3.50,3.37,3.50,94,0,1
2013-01-22,3.50,3.76,3.50,3.69,134,0,1
2013-01-23,3.74,3.75,3.65,3.68,37,0,1
2013-01-24,3.69,3.81,3.63,3.69,58,0,1
2013-01-28,3.69,3.69,3.53,3.61,48,0,1
2013-01-29,3.68,3.68,3.47,3.47,80,0,1
2013-01-30,3.47,3.48,3.32,3.38,88,0,1
2013-01-31,3.44,3.45,3.28,3.28,103,0,1
2013-02-01,3.28,3.58,3.28,3.50,122,0,1
2013-02-04,3.54,3.65,3.50,3.51,85,0,1
2013-02-05,3.54,3.55,3.44,3.48,52,0,1
2013-02-06,3.50,3.51,3.43,3.50,81,0,1
2013-02-07,3.51,3.57,3.42,3.42,47,0,1
2013-02-08,3.44,3.44,3.36,3.40,41,0,1
2013-02-13,3.42,3.54,3.42,3.51,22,0,1
2013-02-14,3.54,3.57,3.48,3.51,21,0,1
2013-02-15,3.48,3.64,3.48,3.55,76,0,1
2013-02-18,3.55,3.59,3.50,3.57,30,0,1
2013-02-19,3.57,3.57,3.48,3.52,25,0,1
2013-02-20,3.49,3.64,3.49,3.63,116,0,1
2013-02-21,3.65,3.68,3.61,3.61,156,0,1
2013-02-22,3.58,3.61,3.45,3.51,51,0,1
2013-02-25,3.51,3.55,3.51,3.55,9,0,1
2013-02-26,3.60,3.61,3.53,3.61,64,0,1
2013-02-27,3.61,3.63,3.54,3.58,36,0,1
2013-02-28,3.55,3.61,3.54,3.61,12,0,1
2013-03-01,3.57,3.57,3.44,3.44,114,0,1
2013-03-04,3.48,3.51,3.42,3.46,55,0,1
2013-03-05,3.53,3.58,3.46,3.46,28,0,1
2013-03-06,3.51,3.57,3.48,3.48,20,0,1
2013-03-07,3.54,3.54,3.51,3.53,53,0,1
2013-03-08,3.22,3.22,2.94,3.04,547,0,1
2013-03-11,3.00,3.00,2.91,2.92,114,0,1
2013-03-12,2.94,2.94,2.85,2.86,74,0,1
2013-03-13,2.89,2.89,2.74,2.81,62,0,1
2013-03-14,2.81,2.86,2.70,2.83,120,0,1
2013-03-15,2.88,2.88,2.75,2.78,16,0,1
2013-03-18,2.77,2.80,2.73,2.73,45,0,1
2013-03-19,2.72,2.73,2.63,2.65,73,0,1
2013-03-20,2.66,2.80,2.60,2.68,72,0,1
2013-03-21,2.73,2.78,2.69,2.73,20,0,1
2013-03-22,2.75,2.77,2.73,2.74,38,0,1
2013-03-25,2.73,2.73,2.62,2.68,28,0,1
2013-03-26,2.65,2.71,2.65,2.68,41,0,1
2013-03-27,2.65,2.69,2.60,2.60,139,0,1
2013-03-28,2.65,2.66,2.60,2.61,54,0,1
2013-04-01,2.61,2.66,2.61,2.66,16,0,1
2013-04-02,2.68,2.75,2.65,2.72,20,0,1
2013-04-03,2.69,2.69,2.63,2.63,13,0,1
2013-04-04,2.62,2.65,2.59,2.60,16,0,1
2013-04-05,2.60,2.62,2.58,2.58,14,0,1
2013-04-08,2.59,2.59,2.55,2.55,5,0,1
2013-04-09,2.55,2.61,2.55,2.61,23,0,1
2013-04-10,2.61,2.66,2.61,2.65,12,0,1
2013-04-11,2.62,2.72,2.58,2.69,11,0,1
2013-04-12,2.65,2.70,2.65,2.69,21,0,1
2013-04-15,2.68,2.71,2.64,2.65,38,0,1
2013-04-16,2.63,2.68,2.60,2.66,19,0,1
2013-04-17,2.59,2.70,2.58,2.63,26,0,1
2013-04-18,2.64,2.70,2.64,2.65,20,0,1
2013-04-19,2.68,2.75,2.61,2.61,73,0,1
2013-04-22,2.62,2.73,2.62,2.68,8,0,1
2013-04-23,2.69,2.81,2.69,2.75,8,0,1
2013-04-24,2.78,2.83,2.75,2.78,24,0,1
2013-04-25,2.76,2.85,2.75,2.75,32,0,1
2013-04-26,2.80,2.84,2.73,2.75,40,0,1
2013-04-29,2.72,2.78,2.71,2.72,20,0,1
2013-04-30,2.75,2.77,2.72,2.75,17,0,1
2013-05-02,2.75,2.75,2.60,2.60,42,0,1
2013-05-03,2.65,2.66,2.63,2.65,16,0,1
2013-05-06,2.63,2.64,2.61,2.61,7,0,1
2013-05-07,2.61,2.68,2.59,2.65,17,0,1
2013-05-08,2.67,2.67,2.58,2.59,36,0,1
2013-05-09,2.61,2.65,2.60,2.61,9,0,1
2013-05-10,2.65,2.65,2.60,2.60,29,0,1
2013-05-13,2.60,2.60,2.54,2.54,35,0,1
2013-05-14,2.55,2.55,2.47,2.53,23,0,1
2013-05-15,2.38,2.38,2.11,2.11,285,0,1
2013-05-16,2.11,2.11,1.91,1.99,129,0,1
2013-05-17,2.01,2.01,1.95,1.99,15,0,1
2013-05-20,1.99,2.04,1.98,2.04,19,0,1
2013-05-21,2.06,2.09,2.04,2.08,27,0,1
2013-05-22,2.11,2.11,1.99,2.09,64,0,1
2013-05-23,2.03,2.10,2.03,2.10,26,0,1
2013-05-24,2.06,2.11,2.06,2.08,30,0,1
2013-05-27,2.11,2.23,2.08,2.10,34,0,1
2013-05-28,2.15,2.19,2.11,2.15,24,0,1
2013-05-29,2.15,2.21,2.15,2.15,63,0,1
2013-05-31,2.13,2.17,2.10,2.17,22,0,1
2013-06-03,2.15,2.19,2.15,2.16,18,0,1
2013-06-04,2.18,2.18,2.11,2.17,36,0,1
2013-06-05,2.15,2.18,2.14,2.18,16,0,1
2013-06-06,2.17,2.19,2.17,2.19,10,0,1
2013-06-07,2.15,2.20,2.11,2.18,122,0,1
2013-06-10,2.19,2.21,2.15,2.18,52,0,1
2013-06-11,2.15,2.17,2.08,2.12,231,0,1
2013-06-12,2.21,2.21,2.07,2.13,58,0,1
2013-06-13,2.11,2.16,2.08,2.16,28,0,1
2013-06-14,2.17,2.21,2.15,2.19,125,0,1
2013-06-17,2.21,2.28,2.21,2.27,14,0,1
2013-06-18,2.25,2.27,2.21,2.26,16,0,1
2013-06-19,2.27,2.27,2.17,2.26,50,0,1
2013-06-20,2.17,2.23,2.11,2.18,72,0,1
2013-06-21,2.26,2.26,2.14,2.22,11,0,1
2013-06-24,2.15,2.25,2.08,2.19,70,0,1
2013-06-25,2.21,2.23,2.16,2.23,12,0,1
2013-06-26,2.23,2.25,2.13,2.23,97,0,1
2013-06-27,2.24,2.24,2.13,2.19,47,0,1
2013-06-28,2.22,2.22,2.13,2.19,48,0,1
2013-07-01,2.22,2.23,2.14,2.18,24,0,1
2013-07-02,2.19,2.19,2.08,2.19,7,0,1
2013-07-03,2.15,2.22,2.13,2.15,23,0,1
2013-07-04,2.18,2.22,2.16,2.22,14,0,1
2013-07-05,2.23,2.23,2.12,2.23,30,0,1
2013-07-08,2.23,2.23,2.13,2.13,4,0,1
2013-07-10,2.22,2.22,2.22,2.22,21,0,1
2013-07-11,2.25,2.31,2.25,2.31,33,0,1
2013-07-12,2.31,2.31,2.18,2.19,128,0,1
2013-07-15,2.30,2.31,2.26,2.31,17,0,1
2013-07-16,2.31,2.52,2.31,2.50,27,0,1
2013-07-17,2.57,2.57,2.48,2.50,24,0,1
2013-07-18,2.54,2.56,2.42,2.51,30,0,1
2013-07-19,2.54,2.54,2.40,2.48,35,0,1
2013-07-22,2.54,2.54,2.51,2.54,14,0,1
2013-07-23,2.58,2.58,2.47,2.50,18,0,1
2013-07-24,2.53,2.58,2.52,2.58,20,0,1
2013-07-25,2.58,2.58,2.51,2.55,29,0,1
2013-07-26,2.56,2.57,2.50,2.54,40,0,1
2013-07-29,2.57,2.57,2.48,2.48,65,0,1
2013-07-30,2.50,2.55,2.50,2.55,14,0,1
2013-07-31,2.56,2.56,2.50,2.55,24,0,1
2013-08-01,2.57,2.58,2.57,2.58,11,0,1
2013-08-02,2.57,2.61,2.51,2.61,18,0,1
2013-08-05,2.61,2.61,2.55,2.55,18,0,1
2013-08-06,2.59,2.61,2.46,2.51,15,0,1
2013-08-07,2.54,2.54,2.48,2.52,3,0,1
2013-08-08,2.50,2.54,2.46,2.47,138,0,1
2013-08-09,2.54,2.54,2.47,2.50,24,0,1
2013-08-12,2.53,2.56,2.44,2.47,48,0,1
2013-08-13,2.50,2.50,2.44,2.47,8,0,1
2013-08-14,2.54,2.54,2.45,2.47,21,0,1
2013-08-15,2.42,2.51,2.38,2.51,56,0,1
2013-08-16,2.54,2.55,2.45,2.54,27,0,1
2013-08-19,2.47,2.53,2.45,2.53,25,0,1
2013-08-20,2.52,2.53,2.51,2.53,3,0,1
2013-08-21,2.46,2.53,2.40,2.52,48,0,1
2013-08-22,2.53,2.53,2.46,2.53,5,0,1
2013-08-23,2.52,2.53,2.46,2.53,49,0,1
2013-08-26,2.53,2.53,2.47,2.53,4,0,1
2013-08-27,2.50,2.52,2.35,2.48,76,0,1
2013-08-28,2.49,2.50,2.41,2.46,49,0,1
2013-08-29,2.48,2.48,2.45,2.48,7,0,1
2013-08-30,2.49,2.53,2.42,2.53,25,0,1
2013-09-02,2.52,2.53,2.52,2.53,1,0,1
2013-09-03,2.50,2.53,2.45,2.50,9,0,1
2013-09-04,2.52,2.52,2.48,2.50,3,0,1
2013-09-05,2.51,2.51,2.49,2.49,1,0,1
2013-09-06,2.49,2.49,2.40,2.46,191,0,1
2013-09-09,2.48,2.48,2.40,2.46,29,0,1
2013-09-10,2.44,2.45,2.40,2.45,28,0,1
2013-09-11,2.46,2.46,2.42,2.44,14,0,1
2013-09-12,2.44,2.48,2.44,2.47,1,0,1
2013-09-13,2.48,2.50,2.45,2.46,24,0,1
2013-09-16,2.48,2.48,2.42,2.46,14,0,1
2013-09-17,2.46,2.48,2.41,2.48,22,0,1
2013-09-18,2.48,2.48,2.41,2.48,10,0,1
2013-09-19,2.48,2.48,2.41,2.41,2,0,1
2013-09-20,2.40,2.44,2.38,2.41,29,0,1
2013-09-23,2.46,2.46,2.44,2.44,4,0,1
2013-09-24,2.45,2.45,2.40,2.45,6,0,1
2013-09-25,2.40,2.45,2.40,2.45,5,0,1
2013-09-26,2.45,2.45,2.38,2.45,9,0,1
2013-09-27,2.44,2.45,2.38,2.45,34,0,1
2013-09-30,2.45,2.45,2.38,2.43,32,0,1
2013-10-01,2.44,2.44,2.38,2.38,31,0,1
2013-10-02,2.41,2.42,2.37,2.42,3,0,1
2013-10-03,2.45,2.45,2.33,2.33,2,0,1
2013-10-04,2.38,2.41,2.35,2.41,8,0,1
2013-10-07,2.41,2.41,2.35,2.41,90,0,1
2013-10-08,2.40,2.41,2.36,2.41,10,0,1
2013-10-09,2.41,2.41,2.34,2.38,36,0,1
2013-10-10,2.37,2.40,2.35,2.38,4,0,1
2013-10-11,2.40,2.40,2.36,2.40,21,0,1
2013-10-14,2.41,2.41,2.31,2.37,20,0,1
2013-10-15,2.34,2.38,2.31,2.37,39,0,1
2013-10-16,2.39,2.39,2.33,2.39,19,0,1
2013-10-17,2.37,2.37,2.31,2.36,33,0,1
2013-10-18,2.30,2.37,2.25,2.37,117,0,1
2013-10-21,2.35,2.36,2.31,2.36,23,0,1
2013-10-22,2.39,2.39,2.33,2.37,5,0,1
2013-10-23,2.38,2.38,2.31,2.34,10,0,1
2013-10-24,2.31,2.31,2.28,2.31,23,0,1
2013-10-25,2.31,2.31,2.28,2.30,19,0,1
2013-10-28,2.30,2.31,2.21,2.31,78,0,1
2013-10-29,2.31,2.31,2.28,2.31,45,0,1
2013-10-30,2.37,2.37,2.31,2.34,3,0,1
2013-10-31,2.33,2.33,2.28,2.31,47,0,1
2013-11-01,2.38,2.38,2.31,2.31,22,0,1
2013-11-04,2.33,2.34,2.29,2.29,24,0,1
2013-11-05,2.34,2.34,2.26,2.26,18,0,1
2013-11-06,2.35,2.35,2.25,2.31,1,0,1
2013-11-07,2.30,2.31,2.27,2.30,15,0,1
2013-11-08,2.27,2.31,2.23,2.31,116,0,1
2013-11-11,2.30,2.30,2.25,2.26,23,0,1
2013-11-12,2.28,2.28,2.24,2.28,63,0,1
2013-11-13,2.29,2.29,2.23,2.26,29,0,1
2013-11-14,2.29,2.31,2.25,2.31,7,0,1
2013-11-18,2.31,2.31,2.31,2.31,0,0,1
2013-11-19,2.30,2.30,2.23,2.29,39,0,1
2013-11-21,2.28,2.28,2.21,2.27,36,0,1
2013-11-22,2.25,2.26,2.18,2.26,214,0,1
2013-11-25,2.21,2.25,2.21,2.25,6,0,1
2013-11-26,2.25,2.25,2.18,2.19,78,0,1
2013-11-27,2.25,2.25,2.18,2.19,44,0,1
2013-11-28,2.18,2.21,2.16,2.21,28,0,1
2013-11-29,2.21,2.21,2.17,2.19,62,0,1
2013-12-02,2.21,2.21,2.11,2.14,71,0,1
2013-12-03,2.12,2.18,2.11,2.17,11,0,1
2013-12-04,2.15,2.16,2.10,2.16,102,0,1
2013-12-05,2.15,2.15,2.09,2.11,61,0,1
2013-12-06,2.11,2.14,2.11,2.14,25,0,1
2013-12-09,2.14,2.14,2.07,2.11,99,0,1
2013-12-10,2.11,2.15,2.08,2.15,33,0,1
2013-12-11,2.14,2.14,2.11,2.11,37,0,1
2013-12-12,2.12,2.12,2.05,2.11,61,0,1
2013-12-13,2.10,2.11,2.05,2.11,132,0,1
2013-12-16,2.11,2.11,2.08,2.10,38,0,1
2013-12-17,2.14,2.21,2.08,2.15,218,0,1
2013-12-18,2.22,2.41,2.19,2.37,124,0,1
2013-12-19,2.33,2.44,2.22,2.38,175,0,1
2013-12-20,2.35,2.38,2.31,2.38,33,0,1
2013-12-23,2.38,2.38,2.29,2.38,94,0,1
2013-12-26,2.38,2.38,2.29,2.38,100,0,1
2013-12-27,2.38,2.51,2.38,2.40,87,0,1
2013-12-30,2.38,2.47,2.38,2.40,63,0,1
2014-01-02,2.45,2.45,2.35,2.36,27,0,1
2014-01-03,2.36,2.37,2.33,2.37,11,0,1
2014-01-06,2.37,2.45,2.35,2.41,33,0,1
2014-01-07,2.43,2.45,2.35,2.38,32,0,1
2014-01-08,2.39,2.39,2.28,2.31,77,0,1
2014-01-09,2.28,2.32,2.23,2.27,66,0,1
2014-01-10,2.30,2.38,2.27,2.32,24,0,1
2014-01-13,2.31,2.34,2.31,2.34,4,0,1
2014-01-14,2.35,2.35,2.30,2.33,23,0,1
2014-01-15,2.35,2.35,2.31,2.32,25,0,1
2014-01-16,2.34,2.34,2.30,2.31,18,0,1
2014-01-17,2.32,2.32,2.25,2.30,63,0,1
2014-01-20,2.30,2.32,2.25,2.32,30,0,1
2014-01-21,2.31,2.34,2.28,2.34,8,0,1
2014-01-22,2.32,2.32,2.26,2.31,57,0,1
2014-01-23,2.31,2.31,2.27,2.29,44,0,1
2014-01-24,2.32,2.32,2.22,2.29,73,0,1
2014-01-27,2.29,2.29,2.25,2.29,30,0,1
2014-01-28,2.29,2.30,2.23,2.30,98,0,1
2014-01-29,2.29,2.29,2.25,2.28,32,0,1
2014-01-30,2.28,2.30,2.27,2.30,16,0,1
2014-01-31,2.28,2.30,2.26,2.30,31,0,1
2014-02-03,2.29,2.30,2.26,2.29,20,0,1
2014-02-04,2.29,2.29,2.28,2.29,18,0,1
2014-02-05,2.29,2.29,2.25,2.29,13,0,1
2014-02-06,2.29,2.29,2.25,2.28,101,0,1
2014-02-07,2.28,2.28,2.23,2.23,62,0,1
2014-02-10,2.25,2.25,2.22,2.22,34,0,1
2014-02-11,2.24,2.24,2.18,2.21,59,0,1
2014-02-12,2.21,2.21,2.19,2.19,12,0,1
2014-02-13,2.24,2.24,2.12,2.15,27,0,1
2014-02-14,2.15,2.18,2.14,2.15,17,0,1
2014-02-17,2.18,2.18,2.09,2.14,41,0,1
2014-02-18,2.13,2.13,2.04,2.10,88,0,1
2014-02-19,2.11,2.11,2.01,2.01,121,0,1
2014-02-20,2.00,2.11,1.99,2.05,27,0,1
2014-02-21,2.01,2.06,2.01,2.04,36,0,1
2014-02-24,2.05,2.07,1.99,2.05,47,0,1
2014-02-25,2.05,2.06,1.97,2.05,69,0,1
2014-02-26,2.02,2.02,1.98,1.98,8,0,1
2014-02-27,1.98,1.98,1.85,1.85,69,0,1
2014-02-28,1.85,1.92,1.73,1.73,74,0,1
2014-03-05,1.73,1.81,1.66,1.73,42,0,1
2014-03-06,1.73,1.74,1.70,1.74,21,0,1
2014-03-07,1.77,1.77,1.62,1.62,21,0,1
2014-03-10,1.74,1.74,1.54,1.54,23,0,1
2014-03-11,1.58,1.58,1.49,1.54,20,0,1
2014-03-12,1.54,1.57,1.46,1.46,97,0,1
2014-03-13,1.47,1.48,1.43,1.43,29,0,1
2014-03-14,1.41,1.43,1.34,1.38,89,0,1
2014-03-17,1.38,1.46,1.38,1.45,62,0,1
2014-03-18,1.46,1.63,1.46,1.58,147,0,1
2014-03-19,1.58,1.58,1.51,1.54,48,0,1
2014-03-20,1.52,1.55,1.50,1.50,64,0,1
2014-03-21,1.50,1.53,1.50,1.51,10,0,1
2014-03-24,1.54,1.54,1.46,1.46,26,0,1
2014-03-25,1.49,1.53,1.47,1.51,60,0,1
2014-03-26,1.48,1.51,1.46,1.46,21,0,1
2014-03-27,1.48,1.58,1.46,1.58,19,0,1
2014-03-28,1.57,1.58,1.50,1.53,15,0,1
2014-03-31,1.53,1.56,1.51,1.51,32,0,1
2014-04-01,1.51,1.54,1.46,1.46,105,0,1
2014-04-02,1.48,1.49,1.46,1.48,30,0,1
2014-04-03,1.49,1.49,1.44,1.45,15,0,1
2014-04-04,1.44,1.47,1.41,1.41,26,0,1
2014-04-07,1.43,1.43,1.34,1.36,69,0,1
2014-04-08,1.40,1.40,1.32,1.35,83,0,1
2014-04-09,1.39,1.39,1.28,1.28,122,0,1
2014-04-10,1.35,1.35,1.28,1.29,87,0,1
2014-04-11,1.31,1.31,1.23,1.26,106,0,1
2014-04-14,1.28,1.32,1.26,1.32,86,0,1
2014-04-15,1.35,1.36,1.28,1.30,27,0,1
2014-04-16,1.31,1.38,1.31,1.35,61,0,1
2014-04-17,1.35,1.36,1.28,1.28,29,0,1
2014-04-22,1.35,1.35,1.25,1.30,85,0,1
2014-04-23,1.33,1.35,1.25,1.29,45,0,1
2014-04-24,1.30,1.34,1.29,1.29,97,0,1
2014-04-25,1.30,1.32,1.23,1.25,120,0,1
2014-04-28,1.25,1.31,1.21,1.22,159,0,1
2014-04-29,1.22,1.27,1.17,1.20,89,0,1
2014-04-30,1.19,1.21,1.14,1.14,79,0,1
2014-05-02,1.14,1.20,1.14,1.17,62,0,1
2014-05-05,1.18,1.18,1.11,1.11,75,0,1
2014-05-06,1.12,1.16,1.07,1.16,91,0,1
2014-05-07,1.15,1.19,1.14,1.18,54,0,1
2014-05-08,1.18,1.61,1.17,1.50,211,0,1
2014-05-09,1.53,1.70,1.47,1.66,145,0,1
2014-05-12,1.66,1.70,1.52,1.63,98,0,1
2014-05-13,1.63,1.70,1.59,1.64,61,0,1
2014-05-14,1.61,1.68,1.56,1.68,15,0,1
2014-05-15,1.65,1.68,1.63,1.66,10,0,1
2014-05-16,1.69,1.73,1.65,1.73,39,0,1
2014-05-19,1.70,1.76,1.59,1.63,169,0,1
2014-05-20,1.64,1.64,1.56,1.59,34,0,1
2014-05-21,1.64,1.64,1.47,1.47,101,0,1
2014-05-22,1.48,1.48,1.37,1.39,129,0,1
2014-05-23,1.50,1.50,1.39,1.43,130,0,1
2014-05-26,1.44,1.46,1.39,1.46,55,0,1
2014-05-27,1.46,1.46,1.40,1.42,50,0,1
2014-05-28,1.45,1.46,1.41,1.44,21,0,1
2014-05-29,1.44,1.45,1.39,1.42,63,0,1
2014-05-30,1.45,1.45,1.38,1.39,19,0,1
2014-06-02,1.37,1.39,1.35,1.35,16,0,1
2014-06-03,1.35,1.42,1.35,1.39,30,0,1
2014-06-04,1.40,1.45,1.40,1.43,16,0,1
2014-06-05,1.43,1.43,1.42,1.42,5,0,1
2014-06-06,1.42,1.50,1.41,1.50,72,0,1
2014-06-09,1.47,1.51,1.46,1.46,44,0,1
2014-06-10,1.45,1.50,1.39,1.40,85,0,1
2014-06-11,1.41,1.45,1.39,1.45,17,0,1
2014-06-13,1.45,1.46,1.43,1.43,23,0,1
2014-06-16,1.46,1.46,1.39,1.39,91,0,1
2014-06-17,1.39,1.41,1.38,1.41,123,0,1
2014-06-18,1.41,1.42,1.33,1.40,138,0,1
2014-06-20,1.40,1.43,1.37,1.43,18,0,1
2014-06-23,1.42,1.42,1.39,1.39,20,0,1
2014-06-24,1.39,1.40,1.35,1.35,17,0,1
2014-06-25,1.39,1.41,1.35,1.41,44,0,1
2014-06-26,1.41,1.42,1.36,1.38,43,0,1
2014-06-27,1.39,1.40,1.35,1.35,17,0,1
2014-06-30,1.37,1.43,1.36,1.43,46,0,1
2014-07-01,1.45,1.45,1.37,1.37,70,0,1
2014-07-02,1.39,1.39,1.35,1.35,18,0,1
2014-07-03,1.35,1.37,1.35,1.36,28,0,1
2014-07-04,1.38,1.38,1.36,1.36,32,0,1
2014-07-07,1.36,1.38,1.36,1.38,5,0,1
2014-07-08,1.40,1.40,1.39,1.39,0,0,1
2014-07-10,1.39,1.40,1.35,1.40,61,0,1
2014-07-11,1.41,1.41,1.39,1.39,94,0,1
2014-07-14,1.40,1.44,1.39,1.44,50,0,1
2014-07-15,1.41,1.47,1.41,1.46,93,0,1
2014-07-16,1.46,1.46,1.43,1.46,46,0,1
2014-07-17,1.44,1.46,1.42,1.43,44,0,1
2014-07-18,1.46,1.46,1.39,1.43,61,0,1
2014-07-21,1.43,1.60,1.43,1.59,94,0,1
2014-07-22,1.60,1.63,1.55,1.56,101,0,1
2014-07-23,1.56,1.72,1.56,1.69,118,0,1
2014-07-24,1.71,1.90,1.71,1.82,202,0,1
2014-07-25,1.81,2.12,1.78,2.12,209,0,1
2014-07-28,2.12,2.35,2.01,2.08,360,0,1
2014-07-29,2.09,2.16,1.87,1.94,235,0,1
2014-07-30,1.94,2.10,1.83,2.01,151,0,1
2014-07-31,2.01,2.09,1.92,2.00,87,0,1
2014-08-01,2.07,2.17,2.00,2.16,183,0,1
2014-08-04,2.17,2.30,2.15,2.28,153,0,1
2014-08-05,2.31,2.37,2.21,2.30,119,0,1
2014-08-06,2.30,2.30,2.24,2.28,45,0,1
2014-08-07,2.28,2.28,2.18,2.28,35,0,1
2014-08-08,2.32,2.40,2.32,2.32,195,0,1
2014-08-11,2.32,2.32,2.17,2.17,114,0,1
2014-08-12,2.21,2.24,2.10,2.21,86,0,1
2014-08-13,2.24,2.24,2.15,2.18,29,0,1
2014-08-14,2.21,2.21,2.16,2.16,67,0,1
2014-08-15,2.20,2.20,2.14,2.14,28,0,1
2014-08-18,2.25,2.25,2.17,2.20,10,0,1
2014-08-19,2.19,2.24,2.09,2.20,65,0,1
2014-08-20,2.21,2.23,2.17,2.17,28,0,1
2014-08-21,2.24,2.25,2.20,2.20,60,0,1
2014-08-22,2.18,2.23,2.18,2.21,16,0,1
2014-08-25,2.18,2.26,2.18,2.26,23,0,1
2014-08-26,2.25,2.27,2.21,2.26,13,0,1
2014-08-27,2.28,2.40,2.21,2.40,113,0,1
2014-08-28,2.40,2.59,2.36,2.40,165,0,1
2014-08-29,2.40,2.49,2.40,2.48,67,0,1
2014-09-01,2.45,2.55,2.32,2.32,101,0,1
2014-09-02,2.27,2.32,2.23,2.23,67,0,1
2014-09-03,2.24,2.27,2.22,2.24,28,0,1
2014-09-04,2.25,2.27,2.21,2.27,6,0,1
2014-09-05,2.27,2.27,2.23,2.26,7,0,1
2014-09-08,2.27,2.29,2.24,2.28,29,0,1
2014-09-09,2.23,2.24,2.16,2.16,39,0,1
2014-09-10,2.18,2.19,2.13,2.17,12,0,1
2014-09-11,2.18,2.27,2.17,2.27,13,0,1
2014-09-12,2.26,2.26,2.14,2.14,44,0,1
2014-09-15,2.14,2.20,2.14,2.19,13,0,1
2014-09-16,2.21,2.29,2.20,2.23,31,0,1
2014-09-17,2.25,2.28,2.25,2.28,7,0,1
2014-09-18,2.28,2.32,2.26,2.32,20,0,1
2014-09-19,2.32,2.36,2.28,2.35,15,0,1
2014-09-22,2.32,2.32,2.23,2.28,28,0,1
2014-09-23,2.29,2.32,2.21,2.24,35,0,1
2014-09-24,2.24,2.28,2.22,2.24,37,0,1
2014-09-25,2.24,2.35,2.24,2.35,28,0,1
2014-09-26,2.35,2.40,2.28,2.40,38,0,1
2014-09-29,2.36,2.39,2.32,2.38,27,0,1
2014-09-30,2.38,2.40,2.30,2.40,89,0,1
2014-10-01,2.40,2.40,2.31,2.40,85,0,1
2014-10-02,2.42,2.44,2.38,2.44,61,0,1
2014-10-03,2.44,2.44,2.42,2.43,5,0,1
2014-10-06,2.44,2.51,2.44,2.49,95,0,1
2014-10-07,2.50,2.57,2.47,2.56,45,0,1
2014-10-08,2.58,2.58,2.48,2.52,26,0,1
2014-10-09,2.52,2.72,2.52,2.71,75,0,1
2014-10-10,2.72,2.72,2.59,2.65,20,0,1
2014-10-13,2.66,2.83,2.66,2.83,45,0,1
2014-10-14,2.83,2.84,2.79,2.79,25,0,1
2014-10-15,2.79,2.79,2.66,2.69,35,0,1
2014-10-16,2.69,2.69,2.54,2.67,82,0,1
2014-10-17,2.82,2.82,2.59,2.71,18,0,1
2014-10-20,2.71,2.71,2.61,2.71,9,0,1
2014-10-21,2.62,2.64,2.59,2.64,19,0,1
2014-10-22,2.64,2.64,2.58,2.58,5,0,1
2014-10-23,2.59,2.59,2.34,2.34,54,0,1
2014-10-24,2.41,2.52,2.41,2.49,76,0,1
2014-10-27,2.36,2.55,2.24,2.55,109,0,1
2014-10-28,2.55,2.71,2.52,2.69,113,0,1
2014-10-29,2.71,2.74,2.64,2.71,36,0,1
2014-10-30,2.71,2.75,2.66,2.75,17,0,1
2014-10-31,2.77,2.80,2.72,2.78,37,0,1
2014-11-03,2.79,2.96,2.77,2.90,71,0,1
2014-11-04,2.93,3.07,2.90,2.94,71,0,1
2014-11-05,3.00,3.22,3.00,3.02,121,0,1
2014-11-06,3.02,3.03,2.86,2.94,47,0,1
2014-11-07,2.94,3.07,2.90,3.06,112,0,1
2014-11-10,3.06,3.06,2.98,3.06,23,0,1
2014-11-11,3.03,3.03,2.87,3.02,29,0,1
2014-11-12,2.96,3.01,2.90,2.97,56,0,1
2014-11-13,3.00,3.05,2.99,3.04,20,0,1
2014-11-14,3.06,3.06,2.95,3.03,34,0,1
2014-11-17,3.01,3.01,2.78,2.78,95,0,1
2014-11-18,2.79,2.79,2.61,2.63,113,0,1
2014-11-19,2.63,2.69,2.55,2.63,69,0,1
2014-11-21,2.71,2.72,2.55,2.71,81,0,1
2014-11-24,2.67,2.67,2.52,2.52,93,0,1
2014-11-25,2.52,2.57,2.42,2.49,100,0,1
2014-11-26,2.55,2.55,2.31,2.33,344,0,1
2014-11-27,2.38,2.45,2.32,2.39,31,0,1
2014-11-28,2.39,2.45,2.38,2.45,44,0,1
2014-12-01,2.45,2.45,2.35,2.39,23,0,1
2014-12-02,2.42,2.42,2.23,2.40,87,0,1
2014-12-03,2.38,2.59,2.38,2.58,88,0,1
2014-12-04,2.59,2.66,2.49,2.53,27,0,1
2014-12-05,2.55,2.55,2.46,2.54,19,0,1
2014-12-08,2.55,2.55,2.46,2.52,12,0,1
2014-12-09,2.45,2.48,2.31,2.33,98,0,1
2014-12-10,2.33,2.38,2.30,2.36,24,0,1
2014-12-11,2.36,2.36,2.21,2.25,82,0,1
2014-12-12,2.19,2.23,2.02,2.05,90,0,1
2014-12-15,2.16,2.16,1.94,2.00,48,0,1
2014-12-16,1.98,2.16,1.98,2.04,65,0,1
2014-12-17,2.03,2.12,2.03,2.12,11,0,1
2014-12-18,2.11,2.15,2.07,2.11,41,0,1
2014-12-19,2.18,2.19,2.02,2.15,83,0,1
2014-12-22,2.19,2.35,2.17,2.31,66,0,1
2014-12-23,2.33,2.47,2.33,2.47,61,0,1
2014-12-26,2.49,2.49,2.33,2.39,49,0,1
2014-12-29,2.39,2.48,2.38,2.48,6,0,1
2014-12-30,2.42,2.49,2.39,2.48,28,0,1
2015-01-02,2.49,2.49,2.31,2.31,26,0,1
2015-01-05,2.36,2.36,2.08,2.18,70,0,1
2015-01-06,2.20,2.34,2.20,2.34,25,0,1
2015-01-07,2.37,2.37,2.26,2.26,16,0,1
2015-01-08,2.26,2.36,2.16,2.36,36,0,1
2015-01-09,2.36,2.36,2.27,2.35,22,0,1
2015-01-12,2.27,2.31,2.23,2.23,24,0,1
2015-01-13,2.24,2.35,2.23,2.34,25,0,1
2015-01-14,2.34,2.35,2.25,2.28,26,0,1
2015-01-15,2.34,2.39,2.31,2.39,53,0,1
2015-01-16,2.39,2.49,2.37,2.48,72,0,1
2015-01-19,2.48,2.48,2.33,2.33,12,0,1
2015-01-20,2.35,2.45,2.35,2.40,18,0,1
2015-01-21,2.43,2.46,2.36,2.38,27,0,1
2015-01-22,2.43,2.46,2.30,2.33,52,0,1
2015-01-23,2.38,2.38,2.34,2.34,16,0,1
2015-01-26,2.34,2.38,2.32,2.37,18,0,1
2015-01-27,2.35,2.43,2.35,2.39,51,0,1
2015-01-28,2.45,2.59,2.43,2.58,158,0,1
2015-01-29,2.58,2.73,2.50,2.67,100,0,1
2015-01-30,2.71,2.72,2.66,2.69,25,0,1
2015-02-02,2.66,2.69,2.58,2.58,38,0,1
2015-02-03,2.57,2.69,2.57,2.67,22,0,1
2015-02-04,2.67,2.70,2.62,2.62,22,0,1
2015-02-05,2.64,2.71,2.64,2.71,26,0,1
2015-02-06,2.71,2.72,2.67,2.72,8,0,1
2015-02-09,2.71,2.85,2.71,2.78,70,0,1
2015-02-10,2.78,2.85,2.77,2.84,31,0,1
2015-02-11,2.86,2.88,2.66,2.78,44,0,1
2015-02-12,2.78,2.83,2.75,2.75,47,0,1
2015-02-13,2.79,2.79,2.70,2.74,29,0,1
2015-02-18,2.78,2.80,2.72,2.72,21,0,1
2015-02-19,2.71,2.73,2.56,2.71,65,0,1
2015-02-20,2.72,2.72,2.64,2.68,21,0,1
2015-02-23,2.69,2.81,2.69,2.81,41,0,1
2015-02-24,2.82,2.82,2.71,2.71,40,0,1
2015-02-25,2.78,2.82,2.72,2.79,113,0,1
2015-02-26,2.83,2.83,2.70,2.73,111,0,1
2015-02-27,2.73,2.81,2.54,2.54,138,0,1
2015-03-02,2.59,2.59,2.34,2.35,134,0,1
2015-03-03,2.35,2.42,2.31,2.39,42,0,1
2015-03-04,2.50,2.73,2.50,2.64,287,0,1
2015-03-05,2.65,2.72,2.65,2.70,43,0,1
2015-03-06,2.73,2.74,2.57,2.57,79,0,1
2015-03-09,2.59,2.62,2.47,2.51,31,0,1
2015-03-10,2.52,2.53,2.44,2.44,38,0,1
2015-03-11,2.55,2.62,2.55,2.59,124,0,1
2015-03-12,2.63,2.69,2.59,2.59,36,0,1
2015-03-13,2.65,2.68,2.52,2.54,69,0,1
2015-03-16,2.52,2.52,2.38,2.43,103,0,1
2015-03-17,2.46,2.46,2.37,2.46,71,0,1
2015-03-18,2.43,2.55,2.42,2.54,58,0,1
2015-03-19,2.54,2.54,2.35,2.35,286,0,1
2015-03-20,2.40,2.43,2.26,2.30,199,0,1
2015-03-23,2.30,2.35,2.19,2.26,104,0,1
2015-03-24,2.27,2.30,2.26,2.30,10,0,1
2015-03-25,2.31,2.34,2.24,2.27,39,0,1
2015-03-26,2.27,2.37,2.27,2.32,30,0,1
2015-03-27,2.31,2.31,2.27,2.30,16,0,1
2015-03-30,2.34,2.34,2.26,2.30,17,0,1
2015-03-31,2.30,2.32,2.22,2.26,31,0,1
2015-04-01,2.32,2.32,2.24,2.26,20,0,1
2015-04-02,2.31,2.31,2.28,2.31,18,0,1
2015-04-06,2.32,2.35,2.31,2.34,37,0,1
2015-04-07,2.34,2.36,2.28,2.30,16,0,1
2015-04-08,2.30,2.33,2.15,2.22,123,0,1
2015-04-09,2.24,2.25,2.20,2.22,13,0,1
2015-04-10,2.23,2.24,2.15,2.15,49,0,1
2015-04-13,2.16,2.26,2.16,2.24,35,0,1
2015-04-14,2.25,2.27,2.22,2.25,14,0,1
2015-04-15,2.27,2.32,2.26,2.31,31,0,1
2015-04-16,2.31,2.31,2.25,2.30,9,0,1
2015-04-17,2.27,2.30,2.26,2.30,10,0,1
2015-04-20,2.30,2.30,2.19,2.23,84,0,1
2015-04-22,2.23,2.23,2.11,2.11,81,0,1
2015-04-23,2.13,2.20,2.13,2.16,24,0,1
2015-04-24,2.20,2.21,2.14,2.19,24,0,1
2015-04-27,2.19,2.19,2.14,2.14,28,0,1
2015-04-28,2.14,2.21,2.14,2.19,61,0,1
2015-04-29,2.19,2.30,2.19,2.30,63,0,1
2015-04-30,2.31,2.35,2.30,2.32,64,0,1
2015-05-04,2.33,2.39,2.33,2.39,77,0,1
2015-05-05,2.38,2.42,2.38,2.42,55,0,1
2015-05-06,2.44,2.46,2.36,2.37,34,0,1
2015-05-07,2.39,2.39,2.23,2.30,85,0,1
2015-05-08,2.34,2.34,2.28,2.29,12,0,1
2015-05-11,2.31,2.44,2.31,2.34,71,0,1
2015-05-12,2.48,2.62,2.48,2.54,235,0,1
2015-05-13,2.57,2.58,2.53,2.54,96,0,1
2015-05-14,2.55,2.57,2.39,2.54,81,0,1
2015-05-15,2.54,2.55,2.51,2.52,26,0,1
2015-05-18,2.55,2.55,2.42,2.52,41,0,1
2015-05-19,2.54,2.55,2.52,2.54,31,0,1
2015-05-20,2.52,2.71,2.45,2.64,132,0,1
2015-05-21,2.63,2.70,2.63,2.67,58,0,1
2015-05-22,2.67,2.70,2.62,2.65,55,0,1
2015-05-25,2.66,2.66,2.62,2.62,19,0,1
2015-05-26,2.62,2.69,2.62,2.65,38,0,1
2015-05-27,2.67,2.67,2.64,2.66,16,0,1
2015-05-28,2.66,2.67,2.62,2.67,38,0,1
2015-05-29,2.67,2.67,2.57,2.59,47,0,1
2015-06-01,2.59,2.59,2.47,2.47,28,0,1
2015-06-02,2.61,2.61,2.48,2.48,38,0,1
2015-06-03,2.48,2.51,2.48,2.49,4,0,1
2015-06-05,2.47,2.50,2.46,2.46,8,0,1
2015-06-08,2.47,2.47,2.42,2.43,31,0,1
2015-06-09,2.43,2.44,2.41,2.44,5,0,1
2015-06-10,2.50,2.50,2.44,2.46,11,0,1
2015-06-11,2.47,2.47,2.39,2.47,10,0,1
2015-06-12,2.46,2.46,2.30,2.34,62,0,1
2015-06-15,2.34,2.35,2.25,2.26,71,0,1
2015-06-16,2.26,2.34,2.26,2.34,12,0,1
2015-06-17,2.34,2.49,2.34,2.46,75,0,1
2015-06-18,2.43,2.51,2.43,2.51,15,0,1
2015-06-19,2.51,2.51,2.42,2.43,10,0,1
2015-06-22,2.54,2.54,2.41,2.43,9,0,1
2015-06-23,2.44,2.44,2.35,2.38,48,0,1
2015-06-24,2.39,2.43,2.38,2.38,5,0,1
2015-06-25,2.39,2.45,2.34,2.45,36,0,1
2015-06-26,2.45,2.51,2.40,2.51,18,0,1
2015-06-29,2.46,2.46,2.38,2.38,31,0,1
2015-06-30,2.40,2.42,2.38,2.39,21,0,1
2015-07-01,2.41,2.42,2.37,2.41,12,0,1
2015-07-02,2.38,2.42,2.35,2.39,10,0,1
2015-07-03,2.37,2.39,2.30,2.31,37,0,1
2015-07-06,2.28,2.34,2.23,2.30,35,0,1
2015-07-07,2.31,2.34,2.29,2.31,16,0,1
2015-07-08,2.31,2.38,2.31,2.38,19,0,1
2015-07-10,2.38,2.43,2.38,2.42,26,0,1
2015-07-13,2.39,2.40,2.33,2.33,14,0,1
2015-07-14,2.38,2.41,2.38,2.41,5,0,1
2015-07-15,2.42,2.42,2.36,2.42,62,0,1
2015-07-16,2.42,2.44,2.40,2.44,23,0,1
2015-07-17,2.46,2.47,2.39,2.39,14,0,1
2015-07-20,2.38,2.38,2.33,2.34,24,0,1
2015-07-21,2.39,2.39,2.34,2.35,15,0,1
2015-07-22,2.35,2.39,2.32,2.39,4,0,1
2015-07-23,2.39,2.39,2.29,2.31,25,0,1
2015-07-24,2.30,2.31,2.30,2.31,3,0,1
2015-07-27,2.31,2.34,2.30,2.32,22,0,1
2015-07-28,2.33,2.34,2.28,2.30,20,0,1
2015-07-29,2.40,2.50,2.40,2.47,130,0,1
2015-07-30,2.49,2.51,2.40,2.46,65,0,1
2015-07-31,2.47,2.51,2.47,2.49,28,0,1
2015-08-03,2.49,2.54,2.47,2.49,16,0,1
2015-08-04,2.54,2.54,2.50,2.50,8,0,1
2015-08-05,2.50,2.53,2.40,2.42,27,0,1
2015-08-06,2.43,2.46,2.37,2.46,55,0,1
2015-08-07,2.44,2.46,2.37,2.37,48,0,1
2015-08-10,2.37,2.42,2.35,2.38,30,0,1
2015-08-11,2.42,2.52,2.28,2.29,120,0,1
2015-08-12,2.33,2.33,2.23,2.26,53,0,1
2015-08-13,2.31,2.35,2.27,2.35,13,0,1
2015-08-14,2.37,2.37,2.30,2.31,3,0,1
2015-08-17,2.38,2.38,2.31,2.31,16,0,1
2015-08-18,2.29,2.29,2.16,2.26,63,0,1
2015-08-19,2.26,2.30,2.20,2.23,54,0,1
2015-08-20,2.23,2.30,2.23,2.30,27,0,1
2015-08-21,2.29,2.30,2.24,2.30,32,0,1
2015-08-24,2.27,2.27,2.07,2.17,94,0,1
2015-08-25,2.14,2.16,2.05,2.16,21,0,1
2015-08-26,2.14,2.16,2.05,2.16,21,0,1
2015-08-27,2.16,2.19,2.08,2.15,72,0,1
2015-08-28,2.15,2.16,2.11,2.15,29,0,1
2015-08-31,2.11,2.12,2.07,2.07,41,0,1
2015-09-01,2.04,2.09,2.01,2.01,23,0,1
2015-09-02,2.03,2.09,2.03,2.09,12,0,1
2015-09-03,2.11,2.16,2.11,2.12,26,0,1
2015-09-04,2.20,2.20,2.13,2.18,21,0,1
2015-09-08,2.22,2.22,2.12,2.13,18,0,1
2015-09-09,2.13,2.13,2.11,2.12,17,0,1
2015-09-10,2.11,2.11,2.07,2.08,26,0,1
2015-09-11,2.08,2.11,2.08,2.09,16,0,1
2015-09-14,2.09,2.14,2.05,2.14,17,0,1
2015-09-15,2.11,2.11,2.07,2.09,49,0,1
2015-09-16,2.11,2.13,2.07,2.09,39,0,1
2015-09-17,2.09,2.13,2.09,2.11,30,0,1
2015-09-18,2.13,2.13,2.07,2.11,2,0,1
2015-09-21,2.11,2.11,2.07,2.09,34,0,1
2015-09-22,2.09,2.13,2.07,2.13,30,0,1
2015-09-23,2.15,2.18,2.11,2.11,55,0,1
2015-09-24,2.09,2.12,2.08,2.11,44,0,1
2015-09-25,2.13,2.16,2.11,2.14,3,0,1
2015-09-28,2.11,2.11,2.09,2.09,6,0,1
2015-09-29,2.10,2.11,2.09,2.11,11,0,1
2015-09-30,2.14,2.14,2.11,2.13,13,0,1
2015-10-01,2.11,2.18,2.07,2.14,66,0,1
2015-10-02,2.14,2.22,2.13,2.22,43,0,1
2015-10-05,2.20,2.38,2.20,2.24,49,0,1
2015-10-06,2.27,2.27,2.25,2.27,7,0,1
2015-10-07,2.39,2.49,2.39,2.41,90,0,1
2015-10-08,2.46,2.49,2.38,2.42,73,0,1
2015-10-09,2.48,2.50,2.46,2.46,58,0,1
2015-10-13,2.45,2.45,2.35,2.43,22,0,1
2015-10-14,2.39,2.42,2.37,2.41,4,0,1
2015-10-15,2.41,2.45,2.38,2.40,28,0,1
2015-10-16,2.42,2.42,2.37,2.37,27,0,1
2015-10-19,2.38,2.43,2.37,2.42,23,0,1
2015-10-20,2.42,2.42,2.37,2.37,25,0,1
2015-10-21,2.39,2.42,2.37,2.42,30,0,1
2015-10-22,2.42,2.43,2.42,2.43,14,0,1
2015-10-23,2.43,2.46,2.36,2.40,34,0,1
2015-10-26,2.42,2.42,2.37,2.37,6,0,1
2015-10-27,2.37,2.37,2.30,2.33,25,0,1
2015-10-28,2.34,2.38,2.34,2.34,17,0,1
2015-10-29,2.35,2.40,2.31,2.31,39,0,1
2015-10-30,2.31,2.39,2.31,2.39,6,0,1
2015-11-03,2.39,2.43,2.35,2.39,28,0,1
2015-11-04,2.40,2.46,2.38,2.39,42,0,1
2015-11-05,2.39,2.44,2.38,2.43,39,0,1
2015-11-06,2.44,2.45,2.42,2.44,29,0,1
2015-11-09,2.42,2.44,2.28,2.39,90,0,1
2015-11-10,2.39,2.44,2.37,2.39,18,0,1
2015-11-11,2.45,2.55,2.40,2.43,176,0,1
2015-11-12,2.44,2.54,2.42,2.42,107,0,1
2015-11-13,2.47,2.49,2.39,2.39,106,0,1
2015-11-16,2.39,2.43,2.39,2.42,24,0,1
2015-11-17,2.42,2.44,2.35,2.38,52,0,1
2015-11-18,2.38,2.46,2.38,2.46,46,0,1
2015-11-19,2.46,2.53,2.43,2.46,90,0,1
2015-11-23,2.48,2.50,2.43,2.43,33,0,1
2015-11-24,2.47,2.47,2.41,2.42,21,0,1
2015-11-25,2.42,2.44,2.38,2.44,32,0,1
2015-11-26,2.43,2.44,2.39,2.39,23,0,1
2015-11-27,2.39,2.42,2.32,2.38,36,0,1
2015-11-30,2.35,2.36,2.26,2.31,45,0,1
2015-12-01,2.33,2.33,2.27,2.27,30,0,1
2015-12-02,2.30,2.30,2.26,2.26,10,0,1
2015-12-03,2.26,2.38,2.26,2.38,59,0,1
2015-12-04,2.39,2.39,2.31,2.38,18,0,1
2015-12-07,2.38,2.38,2.28,2.28,20,0,1
2015-12-08,2.28,2.30,2.24,2.24,28,0,1
2015-12-09,2.26,2.34,2.26,2.34,16,0,1
2015-12-10,2.34,2.38,2.33,2.35,17,0,1
2015-12-11,2.35,2.35,2.31,2.33,8,0,1
2015-12-14,2.34,2.34,2.30,2.32,6,0,1
2015-12-15,2.32,2.38,2.29,2.38,25,0,1
2015-12-16,2.38,2.47,2.37,2.38,49,0,1
2015-12-17,2.42,2.45,2.41,2.41,56,0,1
2015-12-18,2.38,2.38,2.32,2.34,13,0,1
2015-12-21,2.34,2.36,2.28,2.35,16,0,1
2015-12-22,2.35,2.35,2.29,2.35,21,0,1
2015-12-23,2.35,2.36,2.29,2.36,11,0,1
2015-12-28,2.36,2.36,2.31,2.31,3,0,1
2015-12-29,2.33,2.40,2.31,2.40,36,0,1
2015-12-30,2.42,2.55,2.39,2.51,16,0,1
2016-01-04,2.51,2.51,2.44,2.44,12,0,1
2016-01-05,2.44,2.45,2.44,2.44,3,0,1
2016-01-06,2.40,2.44,2.37,2.44,18,0,1
2016-01-07,2.40,2.40,2.31,2.35,46,0,1
2016-01-08,2.38,2.43,2.35,2.35,34,0,1
2016-01-11,2.35,2.44,2.31,2.31,21,0,1
2016-01-12,2.35,2.35,2.29,2.29,29,0,1
2016-01-13,2.30,2.32,2.30,2.30,15,0,1
2016-01-14,2.30,2.34,2.30,2.31,13,0,1
2016-01-15,2.30,2.30,2.27,2.27,12,0,1
2016-01-18,2.27,2.27,2.19,2.19,9,0,1
2016-01-19,2.23,2.28,2.22,2.22,23,0,1
2016-01-20,2.19,2.28,2.19,2.28,9,0,1
2016-01-21,2.30,2.30,2.19,2.24,12,0,1
2016-01-22,2.24,2.28,2.24,2.24,12,0,1
2016-01-26,2.19,2.23,2.16,2.19,15,0,1
2016-01-27,2.19,2.19,2.15,2.17,13,0,1
2016-01-28,2.19,2.24,2.18,2.18,31,0,1
2016-01-29,2.17,2.27,2.17,2.23,19,0,1
2016-02-01,2.23,2.25,2.19,2.19,26,0,1
2016-02-02,2.19,2.19,2.12,2.15,8,0,1
2016-02-03,2.15,2.18,2.09,2.10,33,0,1
2016-02-04,2.10,2.14,2.09,2.11,38,0,1
2016-02-05,2.11,2.17,2.09,2.13,34,0,1
2016-02-10,2.14,2.18,2.14,2.17,13,0,1
2016-02-11,2.17,2.26,2.14,2.25,30,0,1
2016-02-12,2.25,2.29,2.24,2.24,13,0,1
2016-02-15,2.24,2.26,2.23,2.25,2,0,1
2016-02-16,2.26,2.28,2.25,2.26,9,0,1
2016-02-17,2.27,2.27,2.19,2.22,22,0,1
2016-02-18,2.23,2.25,2.23,2.23,4,0,1
2016-02-19,2.25,2.25,2.21,2.22,2,0,1
2016-02-22,2.25,2.40,2.25,2.36,69,0,1
2016-02-23,2.35,2.43,2.31,2.32,14,0,1
2016-02-24,2.28,2.29,2.24,2.24,8,0,1
2016-02-25,2.24,2.25,2.19,2.23,22,0,1
2016-02-26,2.24,2.26,2.19,2.26,14,0,1
2016-02-29,2.26,2.27,2.22,2.22,34,0,1
2016-03-01,2.22,2.22,2.08,2.20,41,0,1
2016-03-02,2.20,2.24,2.17,2.21,33,0,1
2016-03-03,2.22,2.24,2.17,2.17,56,0,1
2016-03-04,2.19,2.25,2.18,2.22,78,0,1
2016-03-07,2.21,2.22,2.14,2.19,34,0,1
2016-03-08,2.19,2.19,2.13,2.14,48,0,1
2016-03-09,2.17,2.17,2.12,2.12,95,0,1
2016-03-10,2.14,2.17,2.05,2.10,77,0,1
2016-03-11,2.24,2.25,2.15,2.22,1667,0,1
2016-03-14,2.26,2.50,2.23,2.43,243,0,1
2016-03-15,2.43,2.46,2.28,2.46,74,0,1
2016-03-16,2.46,2.51,2.37,2.44,56,0,1
2016-03-17,2.52,2.53,2.46,2.50,112,0,1
2016-03-18,2.51,2.56,2.40,2.48,100,0,1
2016-03-21,2.47,2.48,2.40,2.44,30,0,1
2016-03-22,2.44,2.61,2.41,2.61,106,0,1
2016-03-23,2.61,2.61,2.53,2.53,30,0,1
2016-03-24,2.53,2.65,2.53,2.62,85,0,1
2016-03-28,2.68,2.68,2.62,2.65,57,0,1
2016-03-29,2.68,2.69,2.62,2.67,25,0,1
2016-03-30,2.69,2.69,2.56,2.62,64,0,1
2016-03-31,2.60,2.60,2.53,2.55,18,0,1
2016-04-01,2.56,2.59,2.49,2.52,31,0,1
2016-04-04,2.52,2.52,2.46,2.48,13,0,1
2016-04-05,2.48,2.52,2.42,2.52,32,0,1
2016-04-06,2.56,2.60,2.48,2.48,39,0,1
2016-04-07,2.57,2.57,2.52,2.53,6,0,1
2016-04-08,2.56,2.62,2.56,2.59,51,0,1
2016-04-11,2.61,2.69,2.61,2.61,24,0,1
2016-04-12,2.61,2.68,2.61,2.66,40,0,1
2016-04-13,2.70,3.00,2.70,2.88,210,0,1
2016-04-14,3.01,3.08,2.93,3.07,186,0,1
2016-04-15,3.06,3.36,3.06,3.28,235,0,1
2016-04-18,3.37,3.49,3.30,3.30,112,0,1
2016-04-19,3.27,3.30,3.11,3.30,96,0,1
2016-04-20,3.31,3.33,3.19,3.19,61,0,1
2016-04-22,3.20,3.21,3.13,3.13,24,0,1
2016-04-25,3.13,3.19,3.09,3.10,50,0,1
2016-04-26,3.16,3.36,3.09,3.35,47,0,1
2016-04-27,3.36,3.53,3.35,3.45,69,0,1
2016-04-28,3.51,3.64,3.51,3.57,58,0,1
2016-04-29,3.57,3.77,3.57,3.69,100,0,1
2016-05-02,3.78,3.78,3.57,3.57,49,0,1
2016-05-03,3.59,3.59,3.35,3.48,121,0,1
2016-05-04,3.60,3.60,3.15,3.15,62,0,1
2016-05-05,3.22,3.57,3.21,3.45,58,0,1
2016-05-06,3.46,3.65,3.44,3.52,39,0,1
2016-05-09,3.38,3.41,3.31,3.36,57,0,1
2016-05-10,3.45,3.57,3.45,3.52,35,0,1
2016-05-11,3.62,3.70,3.55,3.59,78,0,1
2016-05-12,3.70,3.95,3.70,3.84,234,0,1
2016-05-13,3.87,4.07,3.64,3.78,242,0,1
2016-05-16,3.80,3.94,3.69,3.83,196,0,1
2016-05-17,3.91,4.06,3.83,3.87,428,0,1
2016-05-18,3.96,4.09,3.95,4.01,158,0,1
2016-05-19,4.12,4.20,4.06,4.15,87,0,1
2016-05-20,4.20,4.62,4.20,4.47,241,0,1
2016-05-23,4.54,4.71,4.47,4.47,185,0,1
2016-05-24,4.47,4.58,4.04,4.06,231,0,1
2016-05-25,4.20,4.26,4.08,4.20,156,0,1
2016-05-27,4.29,4.33,4.14,4.20,47,0,1
2016-05-30,4.20,4.20,4.09,4.10,18,0,1
2016-05-31,4.16,4.16,3.86,3.86,114,0,1
2016-06-01,4.01,4.01,3.64,3.77,101,0,1
2016-06-02,3.79,3.86,3.62,3.82,212,0,1
2016-06-03,3.86,3.94,3.86,3.94,80,0,1
2016-06-06,3.94,4.02,3.83,3.83,82,0,1
2016-06-07,3.89,3.92,3.79,3.88,49,0,1
2016-06-08,3.97,3.97,3.83,3.91,31,0,1
2016-06-09,3.91,3.91,3.83,3.87,15,0,1
2016-06-10,3.87,3.87,3.70,3.76,47,0,1
2016-06-13,3.77,3.77,3.49,3.49,89,0,1
2016-06-14,3.54,3.59,3.41,3.46,74,0,1
2016-06-15,3.48,3.59,3.47,3.53,28,0,1
2016-06-16,3.52,3.67,3.34,3.67,108,0,1
2016-06-17,3.70,4.04,3.67,3.83,147,0,1
2016-06-20,3.95,4.14,3.95,4.12,216,0,1
2016-06-21,4.12,4.25,4.12,4.20,172,0,1
2016-06-22,4.20,4.20,3.99,4.06,163,0,1
2016-06-23,4.08,4.09,3.99,3.99,161,0,1
2016-06-24,3.79,3.91,3.70,3.86,114,0,1
2016-06-27,3.93,4.09,3.70,3.72,104,0,1
2016-06-28,3.83,3.85,3.73,3.74,76,0,1
2016-06-29,3.78,3.95,3.78,3.85,64,0,1
2016-06-30,3.88,4.07,3.83,4.04,113,0,1
2016-07-01,4.12,4.16,3.98,3.99,59,0,1
2016-07-04,4.04,4.10,3.99,3.99,37,0,1
2016-07-05,3.89,4.10,3.87,4.04,87,0,1
2016-07-06,4.08,4.16,4.04,4.10,121,0,1
2016-07-07,4.12,4.29,4.12,4.20,118,0,1
2016-07-08,4.25,4.33,4.16,4.23,118,0,1
2016-07-11,4.33,4.33,4.12,4.12,98,0,1
2016-07-12,4.13,4.20,4.04,4.04,111,0,1
2016-07-13,4.09,4.15,4.07,4.10,45,0,1
2016-07-14,4.16,4.20,3.95,4.04,94,0,1
2016-07-15,4.04,4.09,4.02,4.04,48,0,1
2016-07-18,4.04,4.09,3.80,3.86,249,0,1
2016-07-19,3.91,3.96,3.85,3.91,130,0,1
2016-07-20,3.92,4.04,3.87,4.04,118,0,1
2016-07-21,4.07,4.08,3.95,3.95,87,0,1
2016-07-22,3.95,4.28,3.95,4.25,181,0,1
2016-07-25,4.25,4.37,4.22,4.27,211,0,1
2016-07-26,4.29,4.35,3.97,4.17,126,0,1
2016-07-27,4.18,4.24,4.16,4.20,64,0,1
2016-07-28,4.14,4.20,4.01,4.16,69,0,1
2016-07-29,4.16,4.20,4.06,4.20,80,0,1
2016-08-01,4.20,4.27,4.09,4.14,87,0,1
2016-08-02,4.14,4.18,3.94,4.12,92,0,1
2016-08-03,4.12,4.18,4.11,4.12,111,0,1
2016-08-04,4.10,4.24,4.10,4.14,79,0,1
2016-08-05,4.25,4.25,4.04,4.04,80,0,1
2016-08-08,4.12,4.15,4.02,4.06,73,0,1
2016-08-09,4.03,4.14,4.01,4.11,117,0,1
2016-08-10,4.11,4.20,4.00,4.11,72,0,1
2016-08-11,4.20,4.33,4.20,4.25,344,0,1
2016-08-12,4.33,4.54,4.20,4.31,315,0,1
2016-08-15,4.31,4.45,4.11,4.12,267,0,1
2016-08-16,4.19,4.20,4.04,4.17,161,0,1
2016-08-17,4.21,4.21,4.10,4.14,189,0,1
2016-08-18,4.16,4.22,4.15,4.15,74,0,1
2016-08-19,4.15,4.20,4.13,4.17,56,0,1
2016-08-22,4.16,4.20,4.13,4.13,61,0,1
2016-08-23,4.15,4.20,4.09,4.10,112,0,1
2016-08-24,4.10,4.19,4.07,4.14,94,0,1
2016-08-25,4.12,4.13,4.08,4.08,27,0,1
2016-08-26,4.08,4.09,4.00,4.04,76,0,1
2016-08-29,4.07,4.14,4.04,4.04,115,0,1
2016-08-30,4.04,4.11,3.97,4.04,135,0,1
2016-08-31,4.01,4.08,3.99,4.04,30,0,1
2016-09-01,4.06,4.17,4.01,4.05,79,0,1
2016-09-02,4.07,4.16,4.07,4.16,163,0,1
2016-09-05,4.16,4.20,4.06,4.06,92,0,1
2016-09-06,4.06,4.12,4.05,4.07,26,0,1
2016-09-08,4.07,4.09,4.02,4.04,134,0,1
2016-09-09,4.04,4.04,3.85,4.02,136,0,1
2016-09-12,4.01,4.01,3.94,3.95,77,0,1
2016-09-13,3.98,3.98,3.82,3.94,87,0,1
2016-09-14,3.84,3.97,3.84,3.86,35,0,1
2016-09-15,3.86,3.92,3.86,3.91,20,0,1
2016-09-16,3.91,4.07,3.87,4.04,40,0,1
2016-09-19,4.06,4.11,3.94,3.96,105,0,1
2016-09-20,3.99,4.08,3.95,4.07,59,0,1
2016-09-21,4.07,4.14,4.04,4.13,38,0,1
2016-09-22,4.13,4.15,4.06,4.06,50,0,1
2016-09-23,4.06,4.06,3.99,4.04,18,0,1
2016-09-26,3.98,4.02,3.83,3.88,101,0,1
2016-09-27,3.90,3.97,3.83,3.89,98,0,1
2016-09-28,3.91,3.97,3.87,3.97,75,0,1
2016-09-29,3.94,3.94,3.85,3.88,70,0,1
2016-09-30,3.88,3.95,3.82,3.93,51,0,1
2016-10-03,3.95,3.95,3.83,3.93,41,0,1
2016-10-04,3.95,3.95,3.87,3.94,53,0,1
2016-10-05,3.86,3.94,3.86,3.94,16,0,1
2016-10-06,3.91,3.95,3.89,3.94,27,0,1
2016-10-07,3.90,3.97,3.90,3.95,56,0,1
2016-10-10,3.99,3.99,3.87,3.88,76,0,1
2016-10-11,3.88,3.88,3.76,3.83,81,0,1
2016-10-13,3.83,3.83,3.77,3.83,47,0,1
2016-10-14,3.81,3.90,3.68,3.83,124,0,1
2016-10-17,3.74,3.88,3.70,3.78,129,0,1
2016-10-18,3.77,3.83,3.74,3.78,74,0,1
2016-10-19,3.83,3.83,3.77,3.78,34,0,1
2016-10-20,3.84,3.87,3.73,3.87,69,0,1
2016-10-21,3.90,3.95,3.79,3.92,132,0,1
2016-10-24,3.94,3.98,3.90,3.94,55,0,1
2016-10-25,3.96,4.04,3.88,4.04,127,0,1
2016-10-26,4.01,4.06,3.96,3.96,57,0,1
2016-10-27,3.96,4.12,3.96,4.11,107,0,1
2016-10-28,4.04,4.14,4.04,4.10,59,0,1
2016-10-31,4.10,4.15,4.01,4.08,68,0,1
2016-11-01,4.08,4.15,3.78,3.87,1080,0,1
2016-11-03,3.89,4.01,3.86,3.91,102,0,1
2016-11-04,3.87,4.05,3.83,4.05,74,0,1
2016-11-07,3.99,4.17,3.94,4.09,39,0,1
2016-11-08,4.09,4.10,3.99,4.09,27,0,1
2016-11-09,3.92,4.08,3.83,3.99,106,0,1
2016-11-10,4.05,4.13,3.70,3.79,134,0,1
2016-11-11,3.79,3.83,3.41,3.43,296,0,1
2016-11-14,3.45,3.62,3.38,3.62,80,0,1
2016-11-16,3.62,3.91,3.62,3.91,115,0,1
2016-11-17,3.88,3.94,3.69,3.78,117,0,1
2016-11-18,3.78,3.78,3.68,3.78,95,0,1
2016-11-21,3.74,3.77,3.66,3.66,76,0,1
2016-11-22,3.69,3.78,3.68,3.73,157,0,1
2016-11-23,3.70,3.72,3.67,3.72,39,0,1
2016-11-24,3.68,3.82,3.65,3.77,95,0,1
2016-11-25,3.89,3.89,3.70,3.72,62,0,1
2016-11-28,3.70,3.70,3.61,3.69,58,0,1
2016-11-29,3.70,3.91,3.70,3.91,198,0,1
2016-11-30,3.85,3.91,3.84,3.91,37,0,1
2016-12-01,3.99,4.01,3.68,3.99,156,0,1
2016-12-02,3.91,3.99,3.80,3.99,59,0,1
2016-12-05,3.91,4.07,3.88,4.04,73,0,1
2016-12-06,4.07,4.07,3.93,4.03,126,0,1
2016-12-07,3.97,4.07,3.96,4.07,70,0,1
2016-12-08,4.03,4.04,3.95,3.95,15,0,1
2016-12-09,3.97,3.98,3.95,3.95,14,0,1
2016-12-12,3.92,3.92,3.78,3.89,40,0,1
2016-12-13,3.87,3.87,3.78,3.78,17,0,1
2016-12-14,3.93,4.01,3.92,3.97,126,0,1
2016-12-15,3.97,4.16,3.97,4.06,247,0,1
2016-12-16,4.11,4.25,4.11,4.15,119,0,1
2016-12-19,4.22,4.29,4.04,4.04,144,0,1
2016-12-20,4.20,4.20,4.12,4.15,93,0,1
2016-12-21,4.19,4.22,4.15,4.22,240,0,1
2016-12-22,4.28,4.28,4.15,4.15,161,0,1
2016-12-23,4.17,4.33,4.17,4.33,78,0,1
2016-12-26,4.34,4.42,4.34,4.40,77,0,1
2016-12-27,4.43,4.43,4.34,4.40,65,0,1
2016-12-28,4.39,4.40,4.31,4.39,65,0,1
2016-12-29,4.40,4.42,4.34,4.35,87,0,1
2017-01-02,4.39,4.42,4.33,4.36,145,0,1
2017-01-03,4.43,4.52,4.42,4.42,205,0,1
2017-01-04,4.47,4.65,4.47,4.61,253,0,1
2017-01-05,4.61,4.81,4.61,4.64,349,0,1
2017-01-06,4.71,4.82,4.69,4.76,178,0,1
2017-01-09,4.80,4.83,4.77,4.82,214,0,1
2017-01-10,4.84,4.88,4.80,4.80,193,0,1
2017-01-11,4.80,4.89,4.77,4.83,323,0,1
2017-01-12,4.96,4.99,4.91,4.96,322,0,1
2017-01-13,5.01,5.20,5.01,5.20,390,0,1
2017-01-16,5.27,5.60,5.27,5.46,480,0,1
2017-01-17,5.53,5.53,5.16,5.31,570,0,1
2017-01-18,5.32,5.38,5.29,5.30,341,0,1
2017-01-19,5.37,5.47,5.33,5.39,438,0,1
2017-01-20,5.50,5.60,5.47,5.55,430,0,1
2017-01-23,5.57,5.74,5.57,5.69,367,0,1
2017-01-24,5.76,5.85,5.64,5.72,399,0,1
2017-01-26,5.79,6.00,5.79,5.97,894,0,1
2017-01-27,6.11,6.50,6.09,6.48,801,0,1
2017-01-30,6.66,7.29,6.16,6.36,1382,0,1
2017-01-31,6.42,6.71,6.40,6.49,570,0,1
2017-02-01,6.58,6.71,6.57,6.66,275,0,1
2017-02-02,6.66,6.66,6.27,6.41,619,0,1
2017-02-03,6.41,6.58,6.35,6.35,367,0,1
2017-02-06,6.39,6.43,6.09,6.22,482,0,1
2017-02-07,6.24,6.27,6.15,6.22,140,0,1
2017-02-08,6.24,6.29,6.01,6.18,282,0,1
2017-02-09,6.21,6.44,6.21,6.29,407,0,1
2017-02-10,6.29,6.44,6.29,6.34,362,0,1
2017-02-13,6.37,6.50,6.29,6.30,334,0,1
2017-02-14,6.31,6.34,5.91,6.00,500,0,1
2017-02-15,6.06,6.44,6.06,6.44,789,0,1
2017-02-16,6.47,7.11,6.47,7.11,991,0,1
2017-02-17,7.15,7.86,7.15,7.86,895,0,1
2017-02-20,7.86,8.49,7.59,8.35,809,0,1
2017-02-21,8.45,9.02,8.45,8.80,744,0,1
2017-02-22,8.89,8.97,8.05,8.82,901,0,1
2017-02-23,8.82,8.93,8.72,8.90,505,0,1
2017-02-24,8.89,8.89,8.72,8.77,222,0,1
2017-03-01,8.84,9.45,8.59,9.38,519,0,1
2017-03-02,9.42,10.64,9.42,10.64,944,0,1
2017-03-03,10.66,11.82,10.66,11.77,1416,0,1
2017-03-06,12.13,12.89,12.00,12.36,2084,0,1
2017-03-07,12.44,12.62,10.02,10.26,2378,0,1
2017-03-08,10.35,10.93,8.71,8.82,2317,0,1
2017-03-09,8.98,10.66,8.31,10.22,2584,0,1
2017-03-10,10.95,11.37,9.63,9.92,2124,0,1
2017-03-13,9.91,10.26,9.28,10.09,697,0,1
2017-03-14,10.09,10.37,9.80,10.25,496,0,1
2017-03-15,10.20,10.30,9.73,9.86,419,0,1
2017-03-16,9.97,10.04,9.65,9.71,326,0,1
2017-03-17,9.74,9.78,9.33,9.46,351,0,1
2017-03-20,9.44,9.44,8.89,9.06,362,0,1
2017-03-21,9.13,9.16,8.62,8.62,389,0,1
2017-03-22,8.62,8.63,7.93,8.43,709,0,1
2017-03-23,8.43,9.42,8.29,9.42,611,0,1
2017-03-24,9.44,10.03,8.89,9.02,707,0,1
2017-03-27,9.02,9.10,8.62,8.84,266,0,1
2017-03-28,8.89,9.10,8.80,8.86,198,0,1
2017-03-29,8.92,8.95,8.60,8.73,214,0,1
2017-03-30,8.74,8.92,8.62,8.77,209,0,1
2017-03-31,8.77,8.89,8.63,8.76,260,0,1
2017-04-03,8.85,8.85,8.66,8.71,177,0,1
2017-04-04,8.71,8.82,8.46,8.49,244,0,1
2017-04-05,8.53,8.65,8.34,8.38,251,0,1
2017-04-06,8.46,8.53,8.29,8.41,227,0,1
2017-04-07,8.41,8.51,8.29,8.40,157,0,1
2017-04-10,8.49,8.96,8.49,8.91,376,0,1
2017-04-11,9.06,9.15,8.66,8.73,298,0,1
2017-04-12,8.73,8.86,8.53,8.58,214,0,1
2017-04-13,8.61,8.73,8.49,8.58,189,0,1
2017-04-17,8.58,8.89,8.56,8.64,125,0,1
2017-04-18,8.66,8.82,8.60,8.60,176,0,1
2017-04-19,8.65,8.72,8.57,8.58,71,0,1
2017-04-20,8.66,8.70,8.55,8.60,89,0,1
2017-04-24,8.74,8.80,8.48,8.48,161,0,1
2017-04-25,8.53,8.69,8.49,8.62,94,0,1
2017-04-26,8.61,8.66,8.51,8.54,87,0,1
2017-04-27,8.57,8.61,8.49,8.49,102,0,1
2017-04-28,8.50,8.62,8.44,8.60,181,0,1
2017-05-02,8.64,9.31,8.63,9.28,537,0,1
2017-05-03,9.37,9.54,9.01,9.27,334,0,1
2017-05-04,9.27,9.27,9.06,9.15,123,0,1
2017-05-05,9.18,9.95,9.18,9.89,564,0,1
2017-05-08,9.96,10.78,9.96,10.57,778,0,1
2017-05-09,10.62,11.03,9.54,9.54,1852,0,1
2017-05-10,9.72,9.94,9.65,9.71,416,0,1
2017-05-11,9.72,9.72,9.22,9.45,406,0,1
2017-05-12,9.40,9.54,9.02,9.14,441,0,1
2017-05-15,9.14,9.36,9.14,9.18,166,0,1
2017-05-16,9.31,9.31,8.93,9.00,250,0,1
2017-05-17,9.05,9.07,8.65,8.82,285,0,1
2017-05-18,7.31,8.02,7.15,7.71,481,0,1
2017-05-19,7.75,8.45,7.75,8.11,293,0,1
2017-05-22,8.02,8.03,7.67,7.75,240,0,1
2017-05-23,7.80,8.01,7.72,7.87,153,0,1
2017-05-24,8.02,8.28,7.92,8.23,189,0,1
2017-05-25,8.18,8.37,8.12,8.18,175,0,1
2017-05-26,8.24,8.30,8.01,8.15,171,0,1
2017-05-29,8.15,8.25,8.04,8.13,68,0,1
2017-05-30,8.25,8.26,8.11,8.14,95,0,1
2017-05-31,8.15,8.24,8.02,8.02,134,0,1
2017-06-01,8.03,8.25,7.93,7.98,145,0,1
2017-06-02,8.02,8.13,7.95,8.02,185,0,1
2017-06-05,8.00,8.08,7.93,7.98,96,0,1
2017-06-06,7.97,8.01,7.88,7.93,67,0,1
2017-06-07,7.95,8.19,7.93,7.99,139,0,1
2017-06-08,8.05,8.06,7.93,7.96,94,0,1
2017-06-09,8.00,8.11,7.97,7.99,54,0,1
2017-06-12,8.00,8.07,7.88,8.00,91,0,1
2017-06-13,7.98,8.02,7.92,7.94,33,0,1
2017-06-14,7.93,8.04,7.89,7.90,44,0,1
2017-06-16,7.91,8.15,7.91,8.15,112,0,1
2017-06-19,8.15,8.51,8.09,8.32,272,0,1
2017-06-20,8.38,8.51,8.02,8.02,202,0,1
2017-06-21,8.11,8.11,8.02,8.05,63,0,1
2017-06-22,8.07,8.10,8.00,8.02,48,0,1
2017-06-23,8.02,8.10,8.02,8.05,50,0,1
2017-06-26,8.07,8.20,7.97,8.03,103,0,1
2017-06-27,8.02,8.08,7.94,8.02,103,0,1
2017-06-28,8.02,8.06,7.87,8.03,73,0,1
2017-06-29,8.03,8.06,7.88,8.00,44,0,1
2017-06-30,7.98,8.02,7.89,8.00,84,0,1
2017-07-03,8.00,8.07,7.96,8.02,63,0,1
2017-07-04,8.03,8.10,8.00,8.01,68,0,1
2017-07-05,8.02,8.07,7.93,7.94,83,0,1
2017-07-06,7.96,7.98,7.88,7.89,91,0,1
2017-07-07,7.89,7.98,7.88,7.92,73,0,1
2017-07-10,8.02,8.04,7.93,8.03,93,0,1
2017-07-11,8.02,8.02,7.98,7.98,55,0,1
2017-07-12,8.07,8.29,8.03,8.08,180,0,1
2017-07-13,8.11,8.22,8.11,8.12,81,0,1
2017-07-14,8.16,8.22,7.94,8.02,160,0,1
2017-07-17,8.02,8.02,7.97,8.01,76,0,1
2017-07-18,8.01,8.10,8.00,8.02,66,0,1
2017-07-19,8.10,8.10,7.99,8.02,76,0,1
2017-07-20,8.03,8.09,8.01,8.03,71,0,1
2017-07-21,8.03,8.16,8.00,8.00,118,0,1
2017-07-24,8.00,8.08,8.00,8.00,96,0,1
2017-07-25,8.02,8.26,8.00,8.00,137,0,1
2017-07-26,8.01,8.08,7.98,7.98,78,0,1
2017-07-27,8.05,8.07,7.98,7.98,47,0,1
2017-07-28,7.99,8.03,7.98,7.99,58,0,1
2017-07-31,7.99,8.04,7.99,7.99,64,0,1
2017-08-01,8.02,8.07,8.00,8.00,86,0,1
2017-08-02,8.07,8.29,7.99,8.29,187,0,1
2017-08-03,8.47,8.82,8.42,8.78,393,0,1
2017-08-04,8.79,9.10,8.70,9.09,362,0,1
2017-08-07,9.08,9.17,8.87,8.90,212,0,1
2017-08-08,8.92,9.08,8.58,9.03,201,0,1
2017-08-09,9.03,9.03,8.88,8.91,109,0,1
2017-08-10,8.91,9.00,8.76,8.84,75,0,1
2017-08-11,8.98,9.03,8.78,8.91,145,0,1
2017-08-14,8.90,8.91,8.69,8.74,258,0,1
2017-08-15,8.78,8.87,8.74,8.82,96,0,1
2017-08-16,8.85,8.86,8.59,8.65,115,0,1
2017-08-17,8.65,8.65,8.47,8.47,147,0,1
2017-08-18,8.49,8.57,8.47,8.47,99,0,1
2017-08-21,8.49,8.50,8.31,8.38,106,0,1
2017-08-22,8.41,8.50,8.30,8.36,137,0,1
2017-08-23,8.36,8.40,8.20,8.23,178,0,1
2017-08-24,8.29,8.39,8.22,8.26,183,0,1
2017-08-25,8.33,8.61,8.31,8.56,567,0,1
2017-08-28,8.73,8.91,8.72,8.75,329,0,1
2017-08-29,8.75,8.80,8.47,8.56,244,0,1
2017-08-30,8.61,8.76,8.56,8.63,126,0,1
2017-08-31,8.65,8.78,8.65,8.75,135,0,1
2017-09-01,8.78,8.87,8.58,8.67,152,0,1
2017-09-04,8.67,8.82,8.65,8.65,103,0,1
2017-09-05,8.66,8.82,8.47,8.53,164,0,1
2017-09-06,8.53,8.66,8.52,8.54,211,0,1
2017-09-08,8.57,8.66,8.49,8.65,129,0,1
2017-09-11,8.65,8.66,8.56,8.65,206,0,1
2017-09-12,8.65,8.82,8.58,8.60,209,0,1
2017-09-13,8.60,8.70,8.60,8.68,118,0,1
2017-09-14,8.70,8.70,8.49,8.58,171,0,1
2017-09-15,8.60,8.69,8.51,8.52,175,0,1
2017-09-18,8.59,9.15,8.59,9.15,597,0,1
2017-09-19,9.36,9.63,9.21,9.40,643,0,1
2017-09-20,9.47,10.22,9.46,10.17,1274,0,1
2017-09-21,10.21,10.34,9.72,9.80,575,0,1
2017-09-22,9.83,10.06,9.72,9.74,284,0,1
2017-09-25,9.82,10.02,9.23,9.36,390,0,1
2017-09-26,9.46,9.78,9.44,9.78,145,0,1
2017-09-27,9.79,9.89,9.43,9.62,182,0,1
2017-09-28,9.85,9.85,9.46,9.49,195,0,1
2017-09-29,9.62,9.79,9.62,9.76,113,0,1
2017-10-02,9.78,9.80,9.64,9.71,132,0,1
2017-10-03,9.79,10.12,9.72,9.99,265,0,1
2017-10-04,9.99,10.06,9.74,9.84,129,0,1
2017-10-05,9.90,10.07,9.70,9.70,228,0,1
2017-10-06,9.72,9.82,9.44,9.72,129,0,1
2017-10-09,9.77,9.80,9.64,9.71,62,0,1
2017-10-10,9.71,9.97,9.67,9.76,95,0,1
2017-10-11,9.80,9.88,9.67,9.80,77,0,1
2017-10-13,9.80,9.94,9.73,9.87,184,0,1
2017-10-16,9.88,10.03,9.76,9.76,155,0,1
2017-10-17,9.79,9.82,9.27,9.42,261,0,1
2017-10-18,9.45,9.61,9.45,9.61,70,0,1
2017-10-19,9.63,9.63,9.38,9.54,113,0,1
2017-10-20,9.60,9.60,9.36,9.37,200,0,1
2017-10-23,9.45,9.52,9.06,9.19,125,0,1
2017-10-24,9.21,9.75,9.21,9.75,289,0,1
2017-10-25,9.78,9.97,9.63,9.68,108,0,1
2017-10-26,9.66,9.89,9.66,9.72,86,0,1
2017-10-27,9.80,9.97,9.74,9.85,128,0,1
2017-10-30,9.85,9.85,9.50,9.50,64,0,1
2017-10-31,9.63,9.72,9.40,9.40,93,0,1
2017-11-01,9.40,9.77,9.40,9.62,120,0,1
2017-11-03,9.64,9.76,9.14,9.76,94,0,1
2017-11-06,9.79,9.79,9.54,9.63,72,0,1
2017-11-07,9.63,9.66,8.51,8.69,692,0,1
2017-11-08,8.66,8.96,8.66,8.87,246,0,1
2017-11-09,9.00,9.17,8.87,9.07,198,0,1
2017-11-10,9.09,9.15,8.78,8.78,138,0,1
2017-11-13,8.82,8.82,8.30,8.60,130,0,1
2017-11-14,8.61,8.74,8.38,8.38,118,0,1
2017-11-16,8.43,8.87,8.43,8.87,113,0,1
2017-11-17,8.88,9.06,8.74,9.02,104,0,1
2017-11-21,9.07,9.18,8.99,9.01,116,0,1
2017-11-22,9.06,9.33,9.06,9.31,139,0,1
2017-11-23,9.31,9.31,9.10,9.18,48,0,1
2017-11-24,9.28,9.28,8.93,9.18,63,0,1
2017-11-27,9.18,9.31,8.96,9.18,97,0,1
2017-11-28,9.18,9.31,9.08,9.21,58,0,1
2017-11-29,9.15,9.23,8.91,8.91,86,0,1
2017-11-30,8.93,8.93,8.52,8.52,135,0,1
2017-12-01,8.53,8.90,8.39,8.90,148,0,1
2017-12-04,8.90,8.94,8.70,8.86,89,0,1
2017-12-05,8.86,8.87,8.68,8.77,173,0,1
2017-12-06,8.92,9.09,8.70,8.90,163,0,1
2017-12-07,8.94,9.06,8.74,8.91,79,0,1
2017-12-08,8.96,9.05,8.89,8.95,95,0,1
2017-12-11,8.95,9.23,8.95,9.03,144,0,1
2017-12-12,8.94,9.12,8.83,8.99,107,0,1
2017-12-13,9.14,9.19,8.90,8.90,110,0,1
2017-12-14,8.90,9.00,8.64,8.81,111,0,1
2017-12-15,8.75,8.92,8.74,8.85,81,0,1
2017-12-18,8.86,9.09,8.80,8.85,89,0,1
2017-12-19,8.89,8.96,8.67,8.70,64,0,1
2017-12-20,8.70,8.90,8.68,8.76,92,0,1
2017-12-21,8.82,8.89,8.68,8.79,109,0,1
2017-12-22,8.88,8.89,8.76,8.89,46,0,1
2017-12-26,8.99,9.03,8.85,8.98,76,0,1
2017-12-27,8.98,9.03,8.89,8.97,79,0,1
2017-12-28,8.97,9.03,8.95,9.03,108,0,1
2018-01-02,9.03,9.61,9.03,9.37,235,0,1
2018-01-03,9.37,9.50,9.37,9.49,112,0,1
2018-01-04,9.51,9.82,9.45,9.82,220,0,1
2018-01-05,9.81,10.00,9.61,9.61,244,0,1
2018-01-08,9.67,10.13,9.41,10.10,401,0,1
2018-01-09,10.10,10.18,9.86,9.88,158,0,1
2018-01-10,9.86,9.86,9.63,9.77,116,0,1
2018-01-11,9.76,10.04,9.74,9.78,98,0,1
2018-01-12,9.72,9.78,9.38,9.65,131,0,1
2018-01-15,9.64,9.85,9.64,9.77,88,0,1
2018-01-16,9.85,9.86,9.65,9.65,77,0,1
2018-01-17,9.69,9.75,9.49,9.57,70,0,1
2018-01-18,9.57,9.69,9.22,9.40,142,0,1
2018-01-19,9.41,9.49,9.18,9.23,166,0,1
2018-01-22,9.31,9.45,9.11,9.12,157,0,1
2018-01-23,9.12,9.43,9.11,9.33,197,0,1
2018-01-24,9.37,9.63,9.23,9.57,187,0,1
2018-01-26,9.63,9.96,9.63,9.93,346,0,1
2018-01-29,9.93,10.16,9.83,10.13,283,0,1
2018-01-30,10.15,10.45,10.00,10.45,412,0,1
2018-01-31,10.49,10.96,10.38,10.88,364,0,1
2018-02-01,10.92,11.14,10.55,11.04,339,0,1
2018-02-02,10.99,11.55,10.57,11.55,587,0,1
2018-02-05,11.35,11.60,11.02,11.19,322,0,1
2018-02-06,10.99,11.34,10.74,11.07,292,0,1
2018-02-07,11.10,11.23,10.83,10.84,135,0,1
2018-02-08,10.91,11.16,10.67,10.69,144,0,1
2018-02-09,10.74,10.89,10.45,10.68,171,0,1
2018-02-14,10.87,11.28,10.87,11.28,199,0,1
2018-02-15,11.31,11.51,11.05,11.07,184,0,1
2018-02-16,11.07,11.23,10.82,11.05,153,0,1
2018-02-19,11.05,11.26,10.96,11.18,113,0,1
2018-02-20,11.16,11.23,10.87,10.99,120,0,1
2018-02-21,11.00,11.19,10.91,10.96,220,0,1
2018-02-22,11.03,11.03,10.77,10.99,189,0,1
2018-02-23,10.96,11.10,10.84,11.10,233,0,1
2018-02-26,11.16,11.46,11.16,11.34,231,0,1
2018-02-27,11.37,11.55,11.21,11.45,135,0,1
2018-02-28,11.46,11.60,11.10,11.22,173,0,1
2018-03-01,11.23,11.42,11.11,11.36,150,0,1
2018-03-02,11.36,11.36,10.19,10.19,738,0,1
2018-03-05,10.27,10.55,10.22,10.41,186,0,1
2018-03-06,10.49,10.64,10.32,10.32,106,0,1
2018-03-07,10.32,10.47,10.19,10.30,143,0,1
2018-03-08,10.59,10.75,10.36,10.72,221,0,1
2018-03-09,10.72,10.99,10.55,10.99,180,0,1
2018-03-12,11.00,11.18,10.91,11.10,182,0,1
2018-03-13,11.19,11.29,10.98,11.23,170,0,1
2018-03-14,11.28,11.37,10.96,10.96,133,0,1
2018-03-15,11.00,11.08,10.57,10.92,243,0,1
2018-03-16,10.83,11.10,10.83,11.05,80,0,1
2018-03-19,10.99,11.05,10.87,11.00,88,0,1
2018-03-20,11.07,11.34,11.07,11.24,193,0,1
2018-03-21,11.26,11.34,11.15,11.28,134,0,1
2018-03-22,11.32,11.32,11.08,11.11,86,0,1
2018-03-23,10.97,11.19,10.78,11.00,160,0,1
2018-03-26,11.00,11.19,10.93,11.09,79,0,1
2018-03-27,11.10,11.18,11.05,11.06,55,0,1
2018-03-28,11.00,11.00,10.82,10.91,58,0,1
2018-03-29,10.91,10.91,10.64,10.91,210,0,1
2018-04-02,10.75,10.78,10.45,10.49,103,0,1
2018-04-03,10.48,10.61,10.23,10.33,110,0,1
2018-04-04,10.27,10.41,9.94,9.96,144,0,1
2018-04-05,10.28,10.55,10.22,10.45,99,0,1
2018-04-06,10.53,10.55,10.18,10.36,55,0,1
2018-04-09,10.41,10.54,10.22,10.31,25,0,1
2018-04-10,10.31,10.38,10.03,10.03,106,0,1
2018-04-11,10.09,10.20,9.84,10.00,71,0,1
2018-04-12,9.91,9.96,9.81,9.94,80,0,1
2018-04-13,9.90,9.93,9.75,9.88,97,0,1
2018-04-16,9.93,9.94,9.65,9.65,57,0,1
2018-04-17,9.65,9.89,9.56,9.71,74,0,1
2018-04-18,9.78,10.13,9.78,10.13,103,0,1
2018-04-19,10.13,10.35,10.00,10.17,64,0,1
2018-04-20,10.09,10.27,10.01,10.12,41,0,1
2018-04-23,10.18,10.18,10.03,10.08,33,0,1
2018-04-24,10.15,10.16,9.90,9.97,55,0,1
2018-04-25,9.83,9.97,9.77,9.80,61,0,1
2018-04-26,9.80,9.95,9.70,9.83,34,0,1
2018-04-27,9.82,9.90,9.58,9.58,74,0,1
2018-04-30,9.63,9.63,9.27,9.40,118,0,1
2018-05-02,9.38,9.62,9.31,9.61,88,0,1
2018-05-03,9.61,9.61,9.35,9.38,82,0,1
2018-05-04,9.35,9.59,9.16,9.16,149,0,1
2018-05-07,9.19,9.32,9.17,9.26,78,0,1
2018-05-08,9.26,9.54,9.26,9.38,104,0,1
2018-05-09,8.93,8.93,7.60,8.05,1645,0,1
2018-05-10,8.05,8.05,7.32,7.40,1105,0,1
2018-05-11,7.40,7.40,6.62,6.62,983,0,1
2018-05-14,6.49,7.14,6.22,7.04,1549,0,1
2018-05-15,7.03,7.04,6.58,6.76,534,0,1
2018-05-16,6.80,7.11,6.80,6.93,406,0,1
2018-05-17,6.94,7.04,6.71,6.92,261,0,1
2018-05-18,6.90,6.90,6.56,6.68,361,0,1
2018-05-21,6.78,6.92,6.62,6.70,167,0,1
2018-05-22,6.70,6.81,6.62,6.63,177,0,1
2018-05-23,6.70,6.70,6.49,6.53,176,0,1
2018-05-24,6.48,6.53,6.34,6.43,309,0,1
2018-05-25,6.46,6.54,6.23,6.23,171,0,1
2018-05-28,6.20,6.21,5.75,5.83,293,0,1
2018-05-29,6.00,6.30,5.83,6.02,243,0,1
2018-05-30,6.03,6.52,5.95,6.29,236,0,1
2018-06-01,6.30,6.54,6.16,6.20,206,0,1
2018-06-04,6.20,6.46,6.20,6.38,86,0,1
2018-06-05,6.38,6.41,6.03,6.11,190,0,1
2018-06-06,6.16,6.47,5.87,5.97,189,0,1
2018-06-07,5.98,6.01,5.41,5.67,508,0,1
2018-06-08,5.60,5.86,5.47,5.66,330,0,1
2018-06-11,5.68,6.16,5.65,5.84,192,0,1
2018-06-12,5.84,6.10,5.75,5.87,95,0,1
2018-06-13,5.92,6.06,5.80,6.05,80,0,1
2018-06-14,5.99,6.18,5.86,6.04,131,0,1
2018-06-15,6.01,6.27,5.68,5.80,140,0,1
2018-06-18,5.80,5.93,5.60,5.77,144,0,1
2018-06-19,5.65,6.18,5.59,5.89,127,0,1
2018-06-20,5.84,6.10,5.62,5.67,240,0,1
2018-06-21,5.68,5.77,5.60,5.69,103,0,1
2018-06-22,5.63,5.78,5.62,5.66,98,0,1
2018-06-25,5.67,5.76,5.61,5.76,85,0,1
2018-06-26,5.76,5.98,5.75,5.83,132,0,1
2018-06-27,5.92,6.00,5.78,5.78,52,0,1
2018-06-28,5.72,5.82,5.70,5.74,72,0,1
2018-06-29,5.76,5.93,5.76,5.93,111,0,1
2018-07-02,5.93,6.13,5.84,6.11,122,0,1
2018-07-03,6.10,6.48,6.08,6.19,273,0,1
2018-07-04,6.28,6.48,6.21,6.48,148,0,1
2018-07-05,6.48,6.75,6.48,6.55,203,0,1
2018-07-06,6.56,6.83,6.56,6.78,60,0,1
2018-07-10,6.80,6.93,6.67,6.68,129,0,1
2018-07-11,6.67,6.68,6.34,6.48,148,0,1
2018-07-12,6.48,6.78,6.48,6.69,109,0,1
2018-07-13,6.68,6.94,6.68,6.93,111,0,1
2018-07-16,6.91,7.38,6.91,7.29,223,0,1
2018-07-17,7.36,7.66,7.36,7.48,197,0,1
2018-07-18,7.50,7.58,7.11,7.13,182,0,1
2018-07-19,7.11,7.45,6.95,7.23,167,0,1
2018-07-20,7.41,7.45,7.19,7.19,144,0,1
2018-07-23,7.19,7.27,6.93,7.09,106,0,1
2018-07-24,7.15,7.33,7.15,7.15,62,0,1
2018-07-25,7.17,7.28,6.97,7.07,126,0,1
2018-07-26,6.95,7.28,6.95,7.12,136,0,1
2018-07-27,7.12,7.41,7.12,7.29,104,0,1
2018-07-30,7.32,7.40,7.13,7.13,89,0,1
2018-07-31,7.14,7.24,6.77,6.85,179,0,1
2018-08-01,6.89,7.12,6.68,6.80,158,0,1
2018-08-02,6.76,6.93,6.72,6.74,102,0,1
2018-08-03,6.82,7.12,6.80,6.90,119,0,1
2018-08-06,6.90,6.98,6.54,6.57,197,0,1
2018-08-07,6.58,6.67,6.49,6.57,160,0,1
2018-08-08,6.66,6.85,6.30,6.32,187,0,1
2018-08-09,6.35,6.45,6.04,6.26,216,0,1
2018-08-10,6.19,6.30,6.02,6.18,141,0,1
2018-08-13,6.18,6.50,6.08,6.41,150,0,1
2018-08-14,6.41,6.77,6.36,6.50,120,0,1
2018-08-15,6.62,6.62,6.30,6.43,107,0,1
2018-08-16,6.44,6.55,6.20,6.44,86,0,1
2018-08-17,6.39,6.46,6.12,6.37,115,0,1
2018-08-20,6.27,6.68,6.27,6.68,218,0,1
2018-08-21,6.68,7.05,6.50,6.67,468,0,1
2018-08-22,6.66,6.66,6.21,6.47,204,0,1
2018-08-23,6.45,6.55,6.25,6.28,109,0,1
2018-08-24,6.43,6.44,6.24,6.39,62,0,1
2018-08-27,6.39,6.56,6.19,6.39,145,0,1
2018-08-28,6.39,6.47,6.18,6.30,100,0,1
2018-08-29,6.30,6.35,6.21,6.30,119,0,1
2018-08-30,6.30,6.32,6.12,6.26,90,0,1
2018-08-31,6.22,6.47,6.18,6.30,164,0,1
2018-09-03,6.31,6.41,6.14,6.30,100,0,1
2018-09-04,6.29,6.30,5.92,5.95,195,0,1
2018-09-05,5.93,6.27,5.83,5.92,205,0,1
2018-09-06,5.92,6.24,5.92,6.02,91,0,1
2018-09-10,6.18,6.28,5.99,6.11,126,0,1
2018-09-11,6.05,6.06,5.87,5.97,137,0,1
2018-09-12,6.06,6.18,5.88,5.88,229,0,1
2018-09-13,5.91,5.96,5.77,5.83,139,0,1
2018-09-14,5.87,5.97,5.74,5.82,114,0,1
2018-09-17,5.80,6.12,5.77,5.89,226,0,1
2018-09-18,5.90,6.00,5.85,5.86,128,0,1
2018-09-19,5.84,5.96,5.78,5.83,85,0,1
2018-09-20,5.88,6.02,5.76,5.85,107,0,1
2018-09-21,5.85,5.98,5.82,5.91,135,0,1
2018-09-24,5.97,5.97,5.81,5.81,160,0,1
2018-09-25,5.80,5.83,5.66,5.80,146,0,1
2018-09-26,5.80,5.86,5.73,5.78,71,0,1
2018-09-27,5.78,5.88,5.77,5.83,97,0,1
2018-09-28,5.84,5.88,5.78,5.80,56,0,1
2018-10-01,5.86,5.86,5.69,5.70,95,0,1
2018-10-02,5.85,6.02,5.76,5.95,222,0,1
2018-10-03,6.06,6.20,5.95,6.02,208,0,1
2018-10-04,6.18,6.18,5.84,6.11,152,0,1
2018-10-05,6.12,6.19,5.96,6.08,149,0,1
2018-10-08,6.30,6.43,6.27,6.36,193,0,1
2018-10-09,6.36,6.78,6.36,6.68,293,0,1
2018-10-10,6.82,6.85,6.51,6.62,163,0,1
2018-10-11,6.62,6.73,6.34,6.48,166,0,1
2018-10-15,6.49,6.67,6.22,6.63,228,0,1
2018-10-16,6.86,7.16,6.86,7.06,381,0,1
2018-10-17,7.13,7.13,6.88,7.04,226,0,1
2018-10-18,7.12,7.12,6.92,6.99,107,0,1
2018-10-19,7.08,7.08,6.68,7.06,252,0,1
2018-10-22,7.13,7.13,6.88,7.03,165,0,1
2018-10-23,7.00,7.09,6.83,6.99,141,0,1
2018-10-24,6.99,7.09,6.59,6.66,229,0,1
2018-10-25,6.90,6.90,6.72,6.79,151,0,1
2018-10-26,6.85,6.92,6.68,6.79,109,0,1
2018-10-29,6.94,7.13,6.50,6.55,131,0,1
2018-10-30,6.66,6.94,6.58,6.84,151,0,1
2018-10-31,6.89,7.05,6.79,6.85,93,0,1
2018-11-01,6.89,7.23,6.89,7.23,296,0,1
2018-11-05,7.26,7.73,7.26,7.69,579,0,1
2018-11-06,7.68,7.99,7.42,7.99,529,0,1
2018-11-07,7.99,8.01,7.22,7.22,586,0,1
2018-11-08,7.13,7.13,6.14,6.47,1185,0,1
2018-11-09,6.45,6.62,6.30,6.43,184,0,1
2018-11-12,6.43,6.55,6.23,6.24,241,0,1
2018-11-13,6.25,6.53,6.25,6.30,202,0,1
2018-11-14,6.32,6.52,6.32,6.41,103,0,1
2018-11-16,6.42,6.62,6.42,6.50,151,0,1
2018-11-19,6.49,6.68,6.43,6.51,122,0,1
2018-11-21,6.44,6.59,6.37,6.41,208,0,1
2018-11-22,6.41,6.55,6.41,6.52,71,0,1
2018-11-23,6.54,6.55,6.41,6.52,86,0,1
2018-11-26,6.49,6.61,6.27,6.48,157,0,1
2018-11-27,6.49,6.49,6.34,6.40,172,0,1
2018-11-28,6.40,6.51,6.32,6.34,315,0,1
2018-11-29,6.34,6.58,6.33,6.49,191,0,1
2018-11-30,6.49,6.55,6.40,6.43,185,0,1
2018-12-03,6.49,7.20,6.48,7.17,648,0,1
2018-12-04,7.17,7.17,6.68,6.87,485,0,1
2018-12-05,6.83,7.01,6.73,6.80,167,0,1
2018-12-06,6.80,6.88,6.54,6.84,186,0,1
2018-12-07,6.83,7.08,6.79,6.94,167,0,1
2018-12-10,6.96,7.18,6.68,7.15,308,0,1
2018-12-11,7.14,7.28,6.99,7.04,162,0,1
2018-12-12,7.16,7.24,6.97,7.18,174,0,1
2018-12-13,7.19,7.20,7.02,7.03,94,0,1
2018-12-14,7.09,7.09,6.70,6.70,197,0,1
2018-12-17,6.77,6.80,6.37,6.48,316,0,1
2018-12-18,6.50,6.67,6.50,6.54,126,0,1
2018-12-19,6.55,6.69,6.55,6.59,62,0,1
2018-12-20,6.67,6.67,6.50,6.58,56,0,1
2018-12-21,6.61,6.75,6.50,6.50,78,0,1
2018-12-26,6.48,6.66,6.44,6.62,61,0,1
2018-12-27,6.67,6.68,6.50,6.53,41,0,1
2018-12-28,6.67,6.70,6.53,6.56,97,0,1
2019-01-02,6.56,6.90,6.52,6.67,199,0,1
2019-01-03,6.71,6.95,6.71,6.86,177,0,1
2019-01-04,6.95,7.00,6.82,6.90,110,0,1
2019-01-07,6.90,7.08,6.86,6.94,82,0,1
2019-01-08,6.90,7.03,6.82,6.93,120,0,1
2019-01-09,6.90,7.05,6.87,6.92,107,0,1
2019-01-10,6.87,6.91,6.77,6.85,147,0,1
2019-01-11,6.84,6.89,6.80,6.84,113,0,1
2019-01-14,6.82,7.03,6.81,6.93,107,0,1
2019-01-15,6.95,6.97,6.83,6.84,111,0,1
2019-01-16,6.85,6.97,6.84,6.90,82,0,1
2019-01-17,6.90,6.95,6.85,6.86,111,0,1
2019-01-18,6.83,6.91,6.70,6.81,132,0,1
2019-01-21,6.81,6.86,6.73,6.81,135,0,1
2019-01-22,6.81,6.91,6.77,6.82,85,0,1
2019-01-23,6.88,6.95,6.81,6.90,90,0,1
2019-01-24,6.94,7.25,6.93,7.23,261,0,1
2019-01-28,7.19,7.33,6.96,7.07,175,0,1
2019-01-29,7.14,7.20,6.94,7.03,147,0,1
2019-01-30,6.95,7.24,6.95,7.07,130,0,1
2019-01-31,7.09,7.19,7.00,7.03,138,0,1
2019-02-01,7.07,7.14,7.03,7.05,115,0,1
2019-02-04,7.06,7.71,7.06,7.68,548,0,1
2019-02-05,7.65,7.66,7.36,7.37,421,0,1
2019-02-06,7.38,7.46,7.25,7.30,151,0,1
2019-02-07,7.40,7.40,6.99,7.01,189,0,1
2019-02-08,6.95,7.13,6.77,7.13,147,0,1
2019-02-11,7.14,7.14,6.86,7.02,121,0,1
2019-02-12,7.14,7.23,7.10,7.11,128,0,1
2019-02-13,7.23,7.36,7.10,7.19,106,0,1
2019-02-14,7.27,7.30,7.06,7.13,87,0,1
2019-02-15,7.19,7.27,7.05,7.09,122,0,1
2019-02-18,7.10,7.16,7.06,7.10,51,0,1
2019-02-19,7.14,7.26,7.08,7.19,89,0,1
2019-02-20,7.24,7.32,7.19,7.22,97,0,1
2019-02-21,7.24,7.32,7.14,7.14,88,0,1
2019-02-22,7.25,7.25,7.14,7.14,59,0,1
2019-02-25,7.30,7.30,7.18,7.29,74,0,1
2019-02-26,7.29,7.37,7.15,7.22,94,0,1
2019-02-27,7.30,7.30,7.17,7.23,49,0,1
2019-02-28,7.14,7.14,6.87,6.91,357,0,1
2019-03-01,6.99,7.14,6.95,7.12,113,0,1
2019-03-06,7.08,7.10,6.90,6.90,103,0,1
2019-03-07,6.98,6.98,6.79,6.81,116,0,1
2019-03-08,6.90,6.90,6.71,6.76,186,0,1
2019-03-11,6.81,6.89,6.76,6.85,106,0,1
2019-03-12,6.87,6.91,6.80,6.81,66,0,1
2019-03-13,6.81,6.87,6.76,6.76,126,0,1
2019-03-14,6.78,6.85,6.76,6.77,78,0,1
2019-03-15,6.81,6.90,6.78,6.81,142,0,1
2019-03-18,6.81,6.87,6.81,6.85,76,0,1
2019-03-19,6.85,6.90,6.76,6.79,100,0,1
2019-03-20,6.79,6.86,6.73,6.75,84,0,1
2019-03-21,6.76,6.79,6.57,6.70,119,0,1
2019-03-22,6.67,6.73,6.55,6.66,114,0,1
2019-03-25,6.67,6.71,6.53,6.59,103,0,1
2019-03-26,6.63,6.67,6.51,6.59,78,0,1
2019-03-27,6.60,6.66,6.30,6.34,122,0,1
2019-03-28,6.36,6.46,6.33,6.42,49,0,1
2019-03-29,6.47,6.56,6.40,6.43,101,0,1
2019-04-01,6.57,6.61,6.43,6.58,140,0,1
2019-04-02,6.58,6.60,6.47,6.47,78,0,1
2019-04-03,6.49,6.53,6.43,6.47,53,0,1
2019-04-04,6.56,6.58,6.46,6.48,69,0,1
2019-04-05,6.48,6.55,6.43,6.53,80,0,1
2019-04-08,6.54,6.70,6.49,6.51,54,0,1
2019-04-09,6.54,6.54,6.40,6.46,100,0,1
2019-04-10,6.46,6.54,6.45,6.47,61,0,1
2019-04-11,6.47,6.51,6.37,6.51,70,0,1
2019-04-12,6.42,6.46,6.33,6.34,71,0,1
2019-04-15,6.38,6.40,6.20,6.26,72,0,1
2019-04-16,6.31,6.31,6.09,6.25,89,0,1
2019-04-17,6.38,6.38,6.18,6.34,68,0,1
2019-04-18,6.29,6.29,6.17,6.28,95,0,1
2019-04-22,6.30,6.30,6.19,6.19,58,0,1
2019-04-23,6.19,6.47,6.19,6.42,71,0,1
2019-04-24,6.42,6.45,6.21,6.21,74,0,1
2019-04-25,6.27,6.47,6.20,6.47,42,0,1
2019-04-26,6.47,6.47,6.28,6.35,52,0,1
2019-04-29,6.40,6.57,6.33,6.47,67,0,1
2019-04-30,6.51,6.53,6.41,6.51,34,0,1
2019-05-02,6.51,6.51,6.30,6.39,71,0,1
2019-05-03,6.40,6.46,6.34,6.35,44,0,1
2019-05-06,6.34,6.42,6.26,6.37,30,0,1
2019-05-07,6.28,6.41,6.25,6.28,74,0,1
2019-05-08,6.19,6.19,5.97,6.00,267,0,1
2019-05-09,6.08,6.08,5.87,6.00,135,0,1
2019-05-10,5.93,5.94,5.88,5.90,54,0,1
2019-05-13,5.89,6.03,5.83,5.86,74,0,1
2019-05-14,5.86,6.00,5.86,5.96,34,0,1
2019-05-15,5.83,5.89,5.83,5.87,39,0,1
2019-05-16,5.86,5.95,5.82,5.83,62,0,1
2019-05-17,5.99,5.99,5.73,5.77,49,0,1
2019-05-20,5.77,5.85,5.77,5.83,47,0,1
2019-05-21,5.85,5.92,5.77,5.92,64,0,1
2019-05-22,5.89,5.97,5.89,5.96,43,0,1
2019-05-23,5.96,5.99,5.91,5.98,34,0,1
2019-05-24,5.97,5.98,5.90,5.98,42,0,1
2019-05-27,5.95,6.01,5.90,5.91,56,0,1
2019-05-28,5.92,6.00,5.90,5.92,38,0,1
2019-05-29,5.90,6.00,5.86,5.94,89,0,1
2019-05-30,5.90,5.99,5.89,5.89,71,0,1
2019-05-31,5.90,5.92,5.86,5.90,49,0,1
2019-06-03,5.90,5.96,5.87,5.92,66,0,1
2019-06-04,5.99,5.99,5.88,5.95,78,0,1
2019-06-05,5.90,5.97,5.89,5.89,71,0,1
2019-06-06,5.91,5.95,5.89,5.95,41,0,1
2019-06-07,5.90,6.01,5.90,5.96,51,0,1
2019-06-10,5.95,5.96,5.90,5.93,66,0,1
2019-06-11,5.88,5.94,5.86,5.91,42,0,1
2019-06-12,5.89,5.95,5.89,5.90,41,0,1
2019-06-13,5.90,5.96,5.81,5.82,107,0,1
2019-06-14,5.82,5.87,5.81,5.87,36,0,1
2019-06-17,5.83,5.88,5.83,5.85,34,0,1
2019-06-18,5.88,5.92,5.85,5.90,60,0,1
2019-06-19,5.87,5.98,5.86,5.96,79,0,1
2019-06-21,5.96,6.28,5.96,6.27,221,0,1
2019-06-24,6.29,6.42,6.17,6.27,184,0,1
2019-06-25,6.25,6.31,6.18,6.20,46,0,1
2019-06-26,6.29,6.30,6.11,6.17,79,0,1
2019-06-27,6.18,6.21,6.08,6.08,28,0,1
2019-06-28,6.10,6.20,6.10,6.17,49,0,1
2019-07-01,6.30,6.66,6.30,6.56,359,0,1
2019-07-02,6.60,6.64,6.48,6.51,146,0,1
2019-07-03,6.56,6.79,6.53,6.69,184,0,1
2019-07-04,6.71,6.81,6.57,6.62,157,0,1
2019-07-05,6.61,6.61,6.53,6.58,86,0,1
2019-07-08,6.56,6.57,6.32,6.49,149,0,1
2019-07-10,6.56,6.73,6.54,6.54,197,0,1
2019-07-11,6.59,6.61,6.51,6.59,74,0,1
2019-07-12,6.59,6.65,6.51,6.57,87,0,1
2019-07-15,6.66,6.66,6.45,6.49,65,0,1
2019-07-16,6.48,6.50,6.43,6.47,53,0,1
2019-07-17,6.56,6.56,6.43,6.48,36,0,1
2019-07-18,6.47,6.50,6.29,6.42,86,0,1
2019-07-19,6.41,6.43,6.28,6.29,84,0,1
2019-07-22,6.29,6.29,6.14,6.14,114,0,1
2019-07-23,6.14,6.25,6.13,6.24,76,0,1
2019-07-24,6.24,6.28,6.16,6.24,46,0,1
2019-07-25,6.24,6.28,6.18,6.19,28,0,1
2019-07-26,6.19,6.26,6.10,6.10,82,0,1
2019-07-29,6.09,6.26,6.09,6.14,41,0,1
2019-07-30,6.14,6.37,6.12,6.37,62,0,1
2019-07-31,6.37,6.39,6.21,6.21,83,0,1
2019-08-01,6.38,6.38,6.17,6.17,86,0,1
2019-08-02,6.14,6.23,5.99,6.15,91,0,1
2019-08-05,6.26,6.26,6.13,6.17,94,0,1
2019-08-06,6.07,6.21,6.07,6.18,54,0,1
2019-08-07,6.22,6.39,6.14,6.21,141,0,1
2019-08-08,6.20,6.32,6.15,6.20,84,0,1
2019-08-09,6.22,6.27,6.20,6.23,61,0,1
2019-08-12,6.20,6.35,6.20,6.31,101,0,1
2019-08-13,6.32,6.51,6.28,6.42,119,0,1
2019-08-14,6.42,6.45,6.18,6.21,97,0,1
2019-08-15,6.17,6.23,6.00,6.14,109,0,1
2019-08-16,6.18,6.21,6.02,6.21,79,0,1
2019-08-19,6.19,6.31,6.10,6.21,55,0,1
2019-08-20,6.21,6.21,6.03,6.14,69,0,1
2019-08-21,6.14,6.15,6.03,6.13,63,0,1
2019-08-22,6.13,6.13,6.05,6.11,54,0,1
2019-08-23,6.10,6.10,5.99,6.00,70,0,1
2019-08-26,6.00,6.05,5.74,5.80,125,0,1
2019-08-27,5.88,5.89,5.74,5.80,64,0,1
2019-08-28,5.81,6.05,5.76,6.05,62,0,1
2019-08-29,6.04,6.11,5.98,6.11,78,0,1
2019-08-30,6.11,6.22,6.00,6.05,88,0,1
2019-09-02,6.05,6.07,5.92,6.00,143,0,1
2019-09-03,5.99,6.07,5.99,6.03,35,0,1
2019-09-04,6.05,6.06,6.01,6.05,37,0,1
2019-09-05,6.06,6.17,6.06,6.14,35,0,1
2019-09-06,6.18,6.26,6.08,6.23,49,0,1
2019-09-09,6.20,6.26,6.19,6.24,65,0,1
2019-09-10,6.24,6.28,6.08,6.19,72,0,1
2019-09-11,6.22,6.34,6.22,6.33,66,0,1
2019-09-12,6.36,6.56,6.32,6.56,114,0,1
2019-09-13,6.56,6.56,6.36,6.36,71,0,1
2019-09-16,6.39,6.39,6.25,6.25,43,0,1
2019-09-17,6.31,6.39,6.26,6.39,58,0,1
2019-09-18,6.42,6.42,6.30,6.42,46,0,1
2019-09-19,6.40,6.47,6.25,6.35,82,0,1
2019-09-20,6.34,6.38,6.26,6.38,30,0,1
2019-09-23,6.28,6.44,6.28,6.35,34,0,1
2019-09-24,6.38,6.42,6.28,6.34,26,0,1
2019-09-25,6.30,6.32,6.14,6.24,60,0,1
2019-09-26,6.16,6.32,6.15,6.31,42,0,1
2019-09-27,6.28,6.30,6.18,6.18,23,0,1
2019-09-30,6.23,6.25,6.16,6.22,50,0,1
2019-10-01,6.15,6.36,6.15,6.35,97,0,1
2019-10-02,6.32,6.34,6.18,6.25,85,0,1
2019-10-03,6.31,6.32,6.25,6.26,25,0,1
2019-10-04,6.32,6.37,6.22,6.37,36,0,1
2019-10-07,6.34,6.34,6.08,6.12,37,0,1
2019-10-08,6.14,6.15,6.00,6.02,63,0,1
2019-10-09,6.02,6.14,6.01,6.13,41,0,1
2019-10-10,6.09,6.15,6.01,6.07,33,0,1
2019-10-11,6.08,6.13,6.08,6.11,27,0,1
2019-10-14,6.13,6.16,6.10,6.10,27,0,1
2019-10-15,6.09,6.13,6.05,6.10,41,0,1
2019-10-16,6.10,6.15,6.00,6.14,55,0,1
2019-10-17,6.13,6.20,6.05,6.19,83,0,1
2019-10-18,6.22,6.22,6.13,6.19,47,0,1
2019-10-21,6.18,6.22,6.10,6.13,80,0,1
2019-10-22,6.19,6.22,6.16,6.20,36,0,1
2019-10-23,6.17,6.27,6.16,6.27,56,0,1
2019-10-24,6.21,6.26,6.17,6.23,32,0,1
2019-10-25,6.23,6.33,6.23,6.24,69,0,1
2019-10-28,6.33,6.33,6.18,6.18,59,0,1
2019-10-29,6.20,6.20,6.16,6.20,32,0,1
2019-10-30,6.19,6.26,6.15,6.24,33,0,1
2019-10-31,6.22,6.41,6.16,6.36,102,0,1
2019-11-01,6.41,6.50,6.36,6.50,98,0,1
2019-11-04,6.51,6.58,6.46,6.52,106,0,1
2019-11-05,6.52,6.55,6.47,6.53,69,0,1
2019-11-06,6.64,7.05,6.62,6.90,504,0,1
2019-11-07,6.98,7.33,6.75,7.14,464,0,1
2019-11-08,7.10,7.29,6.99,7.19,256,0,1
2019-11-11,7.18,7.22,7.10,7.12,141,0,1
2019-11-12,7.10,7.16,6.91,7.00,153,0,1
2019-11-13,7.02,7.19,6.99,7.10,119,0,1
2019-11-14,7.02,7.51,7.02,7.51,379,0,1
2019-11-18,7.51,7.55,7.31,7.31,115,0,1
2019-11-19,7.31,7.44,7.24,7.44,108,0,1
2019-11-21,7.39,7.49,7.27,7.39,277,0,1
2019-11-22,7.41,7.90,7.32,7.90,417,0,1
2019-11-25,7.88,8.07,7.65,7.81,285,0,1
2019-11-26,7.93,7.93,7.63,7.73,156,0,1
2019-11-27,7.78,7.78,7.52,7.67,168,0,1
2019-11-28,7.67,7.74,7.49,7.51,93,0,1
2019-11-29,7.57,7.63,7.38,7.49,117,0,1
2019-12-02,7.53,7.71,7.40,7.63,136,0,1
2019-12-03,7.77,7.77,7.55,7.62,118,0,1
2019-12-04,7.65,8.83,7.59,8.75,701,0,1
2019-12-05,8.57,9.22,8.36,8.84,788,0,1
2019-12-06,8.90,9.72,8.90,9.72,586,0,1
2019-12-09,9.73,10.55,9.40,9.84,779,0,1
2019-12-10,9.79,9.87,9.54,9.71,200,0,1
2019-12-11,9.72,10.39,9.72,9.83,354,0,1
2019-12-12,9.92,10.20,9.91,10.18,341,0,1
2019-12-13,10.20,10.69,10.13,10.38,528,0,1
2019-12-16,10.55,11.22,10.43,10.62,650,0,1
2019-12-17,10.66,11.07,10.25,10.59,370,0,1
2019-12-18,10.65,11.16,10.65,11.08,444,0,1
2019-12-19,11.08,11.72,11.08,11.71,478,0,1
2019-12-20,11.73,12.15,11.52,11.69,542,0,1
2019-12-23,11.69,11.89,11.52,11.65,307,0,1
2019-12-26,11.65,12.22,11.65,12.21,408,0,1
2019-12-27,12.26,12.40,11.84,12.12,336,0,1
2019-12-30,12.16,12.16,11.77,12.02,299,0,1
2020-01-02,12.35,13.01,12.34,12.83,974,0,1
2020-01-03,12.75,13.74,12.42,13.74,724,0,1
2020-01-06,13.80,14.21,13.62,14.07,684,0,1
2020-01-07,14.22,15.30,14.22,15.19,686,0,1
2020-01-08,15.32,15.67,14.90,15.29,733,0,1
2020-01-09,15.31,15.62,13.83,14.27,976,0,1
2020-01-10,14.45,14.45,13.43,13.97,821,0,1
2020-01-13,13.89,14.27,13.70,14.11,767,0,1
2020-01-14,14.12,14.12,13.41,13.53,726,0,1
2020-01-15,13.13,13.34,12.58,12.92,1211,0,1
2020-01-16,12.84,12.94,12.19,12.26,1326,0,1
2020-01-17,12.23,13.58,12.19,13.58,1735,0,1
2020-01-20,13.86,14.12,13.12,13.40,1140,0,1
2020-01-21,13.27,13.45,12.86,12.89,464,0,1
2020-01-22,12.87,13.20,12.33,12.70,568,0,1
2020-01-23,12.70,12.84,12.36,12.81,379,0,1
2020-01-24,12.84,12.93,12.42,12.59,332,0,1
2020-01-27,12.27,12.51,11.77,12.12,560,0,1
2020-01-28,12.04,12.32,11.89,11.97,344,0,1
2020-01-29,12.24,12.24,11.55,11.86,496,0,1
2020-01-30,11.57,11.63,11.11,11.57,474,0,1
2020-01-31,11.25,11.53,11.03,11.13,365,0,1
2020-02-03,11.08,11.96,10.79,11.88,631,0,1
2020-02-04,11.92,12.36,11.67,11.86,579,0,1
2020-02-05,12.14,12.54,11.91,12.45,395,0,1
2020-02-06,12.65,12.75,11.94,12.01,575,0,1
2020-02-07,11.87,12.16,11.58,11.60,317,0,1
2020-02-10,11.74,11.74,11.18,11.41,254,0,1
2020-02-11,11.51,11.94,11.26,11.87,246,0,1
2020-02-12,11.87,12.08,11.57,11.63,207,0,1
2020-02-13,11.45,12.35,11.24,12.23,240,0,1
2020-02-14,12.25,12.25,11.77,11.77,165,0,1
2020-02-17,11.78,13.24,11.64,13.24,865,0,1
2020-02-18,12.80,13.47,12.65,13.15,913,0,1
2020-02-19,13.29,13.38,12.84,13.04,308,0,1
2020-02-20,13.04,13.05,12.78,12.81,257,0,1
2020-02-21,12.75,13.00,12.55,12.91,257,0,1
2020-02-26,12.34,12.34,11.51,12.27,495,0,1
2020-02-27,12.20,12.22,11.51,12.17,352,0,1
2020-02-28,11.98,11.99,11.33,11.99,327,0,1
2020-03-02,11.97,13.01,11.87,12.50,424,0,1
2020-03-03,12.51,12.99,12.21,12.22,230,0,1
2020-03-04,12.26,12.56,12.04,12.16,186,0,1
2020-03-05,11.96,12.21,11.04,11.44,235,0,1
2020-03-06,10.75,11.37,10.47,11.32,258,0,1
2020-03-09,9.86,10.43,9.33,10.31,257,0,1
2020-03-10,10.78,11.33,10.29,10.62,305,0,1
2020-03-11,10.49,10.59,9.52,10.45,194,0,1
2020-03-12,9.30,9.51,8.45,9.33,205,0,1
2020-03-13,10.12,10.49,9.03,9.66,319,0,1
2020-03-16,8.13,9.07,7.98,9.07,199,0,1
2020-03-17,9.07,9.46,8.79,9.45,165,0,1
2020-03-18,8.85,8.87,7.98,8.62,246,0,1
2020-03-19,8.51,9.85,7.63,9.08,286,0,1
2020-03-20,9.46,9.83,8.04,8.08,301,0,1
2020-03-23,8.04,8.04,6.82,6.90,258,0,1
2020-03-24,7.40,7.51,6.43,6.45,855,0,1
2020-03-25,6.53,7.38,6.41,7.04,672,0,1
2020-03-26,7.05,7.92,6.75,7.38,628,0,1
2020-03-27,7.34,8.17,6.96,7.51,243,0,1
2020-03-30,7.68,8.23,7.54,7.54,194,0,1
2020-03-31,7.77,7.88,7.10,7.63,198,0,1
2020-04-01,7.19,7.52,6.99,7.52,174,0,1
2020-04-02,7.63,7.81,7.19,7.19,170,0,1
2020-04-03,7.28,7.44,7.00,7.30,215,0,1
2020-04-06,7.87,8.32,7.39,7.39,275,0,1
2020-04-07,7.87,8.84,7.87,8.36,310,0,1
2020-04-08,8.60,9.30,8.25,8.83,238,0,1
2020-04-09,8.84,9.51,8.42,8.42,205,0,1
2020-04-13,8.43,9.16,8.42,8.83,210,0,1
2020-04-14,8.88,9.36,8.88,9.08,219,0,1
2020-04-15,8.87,9.36,8.63,9.36,199,0,1
2020-04-16,9.46,9.80,9.15,9.36,331,0,1
2020-04-17,9.76,9.77,9.06,9.17,218,0,1
2020-04-20,9.01,9.36,8.87,9.36,136,0,1
2020-04-22,9.37,9.95,9.36,9.40,188,0,1
2020-04-23,9.50,9.83,8.91,8.91,222,0,1
2020-04-24,8.91,9.12,8.14,9.08,292,0,1
2020-04-27,9.22,9.41,8.82,8.82,155,0,1
2020-04-28,8.94,9.35,8.79,8.96,227,0,1
2020-04-29,9.21,9.50,9.11,9.47,179,0,1
2020-04-30,9.44,10.05,9.04,9.71,257,0,1
2020-05-04,9.27,9.54,9.13,9.32,122,0,1
2020-05-05,9.57,9.65,9.03,9.26,122,0,1
2020-05-06,9.53,9.53,9.05,9.53,118,0,1
2020-05-07,9.81,10.14,8.91,9.19,323,0,1
2020-05-08,9.10,9.35,8.90,9.24,103,0,1
2020-05-11,9.22,9.25,8.92,9.11,105,0,1
2020-05-12,9.05,9.17,8.35,8.35,198,0,1
2020-05-13,8.35,8.77,8.04,8.77,181,0,1
2020-05-14,8.70,8.82,8.30,8.82,117,0,1
2020-05-15,8.67,8.84,8.28,8.58,96,0,1
2020-05-18,8.69,8.93,8.51,8.64,101,0,1
2020-05-19,8.75,8.80,8.56,8.77,80,0,1
2020-05-20,8.77,9.05,8.74,9.00,101,0,1
2020-05-21,8.92,9.19,8.92,9.16,93,0,1
2020-05-22,9.06,9.36,8.94,9.27,111,0,1
2020-05-25,9.46,9.56,9.33,9.39,101,0,1
2020-05-26,9.43,10.09,9.37,9.75,207,0,1
2020-05-27,9.80,10.79,9.70,10.67,380,0,1
2020-05-28,10.74,11.67,10.69,11.57,673,0,1
2020-05-29,11.65,12.19,11.33,12.17,517,0,1
2020-06-01,12.18,12.30,11.73,11.89,521,0,1
2020-06-02,12.03,12.29,11.82,11.92,291,0,1
2020-06-03,12.07,12.31,11.62,12.01,437,0,1
2020-06-04,12.02,12.85,11.82,12.47,398,0,1
2020-06-05,12.77,13.14,12.18,12.40,407,0,1
2020-06-08,12.44,12.85,12.26,12.60,279,0,1
2020-06-09,12.33,12.91,12.06,12.83,268,0,1
2020-06-10,13.35,13.87,12.86,12.86,757,0,1
2020-06-12,12.31,13.14,11.72,12.90,681,0,1
2020-06-15,12.71,13.02,12.14,12.46,304,0,1
2020-06-16,12.82,13.12,12.30,12.36,266,0,1
2020-06-17,12.57,13.37,12.36,13.30,487,0,1
2020-06-18,13.15,13.89,13.12,13.74,460,0,1
2020-06-19,13.87,14.11,13.01,13.30,509,0,1
2020-06-22,13.52,13.69,13.09,13.69,247,0,1
2020-06-23,13.78,13.84,13.01,13.01,323,0,1
2020-06-24,13.01,13.19,12.55,13.19,240,0,1
2020-06-25,13.29,13.45,12.96,13.35,172,0,1
2020-06-26,13.36,13.54,12.76,13.03,188,0,1
2020-06-29,12.90,13.42,12.69,13.20,164,0,1
2020-06-30,13.20,13.34,12.93,13.04,128,0,1
2020-07-01,12.58,12.92,12.28,12.92,796,0,1
2020-07-02,12.97,13.35,12.59,12.70,384,0,1
2020-07-03,12.69,13.02,12.51,13.00,199,0,1
2020-07-06,13.16,13.34,12.84,13.10,164,0,1
2020-07-07,13.09,13.16,12.87,12.96,151,0,1
2020-07-08,13.06,13.08,12.79,12.91,206,0,1
2020-07-09,12.93,13.05,12.76,12.76,160,0,1
2020-07-10,12.94,12.94,12.69,12.69,135,0,1
2020-07-13,12.83,13.04,12.49,12.49,218,0,1
2020-07-14,12.60,12.63,12.22,12.50,159,0,1
2020-07-15,12.58,12.85,12.42,12.85,153,0,1
2020-07-16,12.85,12.85,12.58,12.84,129,0,1
2020-07-17,12.85,12.92,12.76,12.86,133,0,1
2020-07-20,12.91,12.94,12.68,12.94,139,0,1
2020-07-21,12.93,13.16,12.71,12.86,189,0,1
2020-07-22,12.78,12.97,12.66,12.67,131,0,1
2020-07-23,12.79,12.86,12.18,12.18,205,0,1
2020-07-24,12.18,12.59,11.88,12.59,217,0,1
2020-07-27,12.63,13.34,12.50,13.20,469,0,1
2020-07-28,13.20,13.51,13.20,13.32,360,0,1
2020-07-29,13.34,13.85,13.11,13.70,268,0,1
2020-07-30,13.75,13.75,13.35,13.50,146,0,1
2020-07-31,13.51,13.61,13.13,13.61,168,0,1
2020-08-03,13.61,13.75,13.00,13.03,264,0,1
2020-08-04,12.94,13.20,12.64,13.00,209,0,1
2020-08-05,13.06,13.10,12.72,13.08,188,0,1
2020-08-06,13.16,13.25,12.96,13.25,127,0,1
2020-08-07,13.24,13.30,12.93,13.22,196,0,1
2020-08-10,13.19,13.22,12.92,13.02,161,0,1
2020-08-11,13.10,13.85,12.76,13.85,433,0,1
2020-08-12,13.83,14.10,13.20,13.53,348,0,1
2020-08-13,13.87,13.95,13.22,13.44,375,0,1
2020-08-14,13.58,13.63,13.07,13.37,312,0,1
2020-08-17,13.38,13.52,12.48,13.22,358,0,1
2020-08-18,13.25,13.95,13.03,13.80,357,0,1
2020-08-19,13.61,15.06,13.61,14.83,979,0,1
2020-08-20,14.65,15.91,14.31,15.77,1050,0,1
2020-08-21,15.84,16.55,15.63,16.12,621,0,1
2020-08-24,16.12,16.58,15.86,16.24,350,0,1
2020-08-25,16.35,16.65,16.11,16.62,332,0,1
2020-08-26,16.44,16.96,15.93,16.58,463,0,1
2020-08-27,16.47,16.82,16.35,16.78,232,0,1
2020-08-28,16.81,17.10,16.19,16.19,286,0,1
2020-08-31,16.20,16.62,16.07,16.28,288,0,1
2020-09-01,16.33,16.52,16.10,16.42,230,0,1
2020-09-02,16.53,16.86,16.31,16.31,356,0,1
2020-09-03,16.51,16.64,15.42,15.91,407,0,1
2020-09-04,15.91,16.08,14.93,16.02,365,0,1
2020-09-08,15.92,16.00,15.33,15.33,197,0,1
2020-09-09,15.39,15.63,14.67,15.00,257,0,1
2020-09-10,15.08,15.35,14.64,14.86,265,0,1
2020-09-11,14.86,15.09,14.34,14.35,260,0,1
2020-09-14,14.53,14.99,14.39,14.92,228,0,1
2020-09-15,14.87,15.50,14.55,14.84,457,0,1
2020-09-16,14.84,15.16,14.64,14.65,212,0,1
2020-09-17,14.47,14.51,14.05,14.40,304,0,1
2020-09-18,14.40,14.44,13.93,14.44,228,0,1
2020-09-21,14.14,14.83,13.76,14.63,297,0,1
2020-09-22,14.71,14.71,13.91,14.00,391,0,1
2020-09-23,13.96,14.44,13.54,13.77,343,0,1
2020-09-24,13.57,14.64,13.57,14.34,278,0,1
2020-09-25,14.29,14.29,13.80,13.97,157,0,1
2020-09-28,14.00,14.33,13.17,13.24,369,0,1
2020-09-29,13.20,13.49,13.01,13.44,224,0,1
2020-09-30,13.40,13.63,13.28,13.63,182,0,1
2020-10-01,13.71,14.12,13.47,14.12,178,0,1
2020-10-02,13.94,14.25,13.86,14.01,138,0,1
2020-10-05,14.04,14.60,13.78,14.37,259,0,1
2020-10-06,14.36,14.64,13.81,13.81,138,0,1
2020-10-07,13.91,14.00,13.42,13.70,224,0,1
2020-10-08,13.61,13.79,13.54,13.66,88,0,1
2020-10-09,13.66,13.86,13.51,13.61,89,0,1
2020-10-13,13.51,13.88,13.47,13.88,157,0,1
2020-10-14,13.80,14.18,13.69,13.86,174,0,1
2020-10-15,13.71,14.01,13.64,13.81,106,0,1
2020-10-16,13.81,14.05,13.71,13.71,168,0,1
2020-10-19,13.79,14.18,13.71,13.71,179,0,1
2020-10-20,13.79,14.01,13.53,13.82,208,0,1
2020-10-21,13.82,14.81,13.80,14.24,317,0,1
2020-10-22,14.33,14.35,13.99,13.99,140,0,1
2020-10-23,13.92,14.20,13.91,13.94,122,0,1
2020-10-26,13.94,14.79,13.86,14.11,503,0,1
2020-10-27,14.21,14.37,13.91,13.91,242,0,1
2020-10-28,13.81,13.81,12.93,13.31,426,0,1
2020-10-29,13.27,13.85,12.59,13.33,510,0,1
2020-10-30,13.39,13.39,12.91,12.97,273,0,1
2020-11-03,13.03,13.76,13.03,13.42,452,0,1
2020-11-04,13.43,14.38,13.32,13.89,375,0,1
2020-11-05,14.20,14.61,13.94,13.94,228,0,1
2020-11-06,13.91,14.47,13.71,14.36,255,0,1
2020-11-09,14.71,14.81,13.76,13.81,320,0,1
2020-11-10,13.92,14.07,13.52,13.90,201,0,1
2020-11-11,13.88,14.04,13.62,14.01,203,0,1
2020-11-12,14.01,14.01,13.35,13.50,291,0,1
2020-11-13,13.74,14.56,13.67,14.47,525,0,1
2020-11-16,14.57,14.70,13.91,13.94,365,0,1
2020-11-17,13.92,14.11,13.61,13.71,238,0,1
2020-11-18,13.58,13.81,13.52,13.74,188,0,1
2020-11-19,13.74,13.91,13.53,13.91,212,0,1
2020-11-23,13.79,14.50,13.76,14.48,312,0,1
2020-11-24,14.39,15.27,14.17,14.42,260,0,1
2020-11-25,14.42,14.73,14.25,14.73,128,0,1
2020-11-26,14.90,14.90,14.54,14.86,130,0,1
2020-11-27,14.91,15.17,14.57,15.08,169,0,1
2020-11-30,15.08,15.15,14.55,14.55,330,0,1
2020-12-01,14.59,14.88,14.14,14.53,345,0,1
2020-12-02,14.33,14.93,14.33,14.93,158,0,1
2020-12-03,15.00,15.04,14.63,14.86,167,0,1
2020-12-04,14.96,15.09,14.74,14.98,113,0,1
2020-12-07,15.09,15.36,14.60,14.97,165,0,1
2020-12-08,14.94,15.10,14.79,15.01,115,0,1
2020-12-09,15.01,15.07,14.84,14.98,101,0,1
2020-12-10,14.98,15.24,14.50,14.68,203,0,1
2020-12-11,15.00,15.14,14.74,14.91,175,0,1
2020-12-14,15.00,15.06,14.77,14.80,101,0,1
2020-12-15,14.77,14.95,14.74,14.75,138,0,1
2020-12-16,14.75,15.10,14.60,14.85,168,0,1
2020-12-17,14.95,15.00,14.64,14.85,137,0,1
2020-12-18,14.85,15.35,14.75,15.14,191,0,1
2020-12-21,14.98,15.09,14.69,14.70,133,0,1
2020-12-22,14.76,14.92,14.70,14.74,81,0,1
2020-12-23,14.74,14.87,14.67,14.67,90,0,1
2020-12-28,14.75,14.89,14.32,14.69,115,0,1
2020-12-29,14.86,15.33,14.72,15.33,172,0,1
2020-12-30,15.48,15.79,15.09,15.09,236,0,1
